,username,community
0,iamrbnzay,0
1,Bratttyyyyyy1,0
2,mariecgould,1
3,sankofa_bird,1
4,jungkagustd,2
5,winderrside,2
6,am_gundam,3
7,_Widdershins_,3
8,ottlek1,4
9,Yeancahorllar,4
10,janicereardon2,5
11,pezleeNH,5
12,smug55,6
13,kolaakintimehin,6
14,knitrebecca,7
15,HounddogZenith,7
16,amorgaia,8
17,SDonziger,8
18,hybee_solar,4
19,aim4power,9
20,KwabenaBamford,9
21,titokgh,9
22,PulseGhana,9
23,mcmahon_ronan,10
24,Ballyroanparish,10
25,umar_aliman,11
26,maryambarwa,11
27,anasko__sheka,11
28,aerreno,12
29,namibiansun,12
30,joykleinhenz,13
31,AuschwitzMuseum,13
32,pinkdrinx,14
33,SenateDems,14
34,ben12502,15
35,DrJuma_M,15
36,richard59903713,16
37,NotherRainyDay,16
38,missyelsie,17
39,CentralPig,17
40,preciousways12,17
41,tfmartintf,7
42,DeidreEversull,7
43,sopesuds,18
44,kaitiiiooo,18
45,stevevaliquett1,19
46,HeyLaurenSummer,19
47,youkai876,20
48,Aquarian1_wve,20
49,squidypanda,21
50,KTVU,21
51,dsgkuzion,22
52,KamiKanSama,22
53,VioletsRailgun,22
54,judaaime,22
55,gondadisgon,22
56,nowhere_peace,23
57,Min4Win,23
58,forty7JAHgo,23
59,BrianG1227,23
60,YaBoiKeeper,23
61,ReupMir,23
62,gerwwords,24
63,K3mt0t,24
64,kuijyosara,25
65,astrosunfruit,25
66,af16001,26
67,_chrisp04,26
68,majiktouched,27
69,AVANTGARDlSM,27
70,moetz_04,28
71,convomf,28
72,stephan34886025,29
73,cnnbrk,29
74,bertanyarl,28
75,boafae,30
76,Zeasy7,30
77,the_mardood,31
78,ELDENRING,31
79,realnicoforreal,32
80,RepTerriSewell,32
81,jakejonesing,33
82,thedirbivore,33
83,alabamarules73,34
84,DraftDiamonds,34
85,TideRecruits101,34
86,ellenasleson,35
87,backlotsfilm,35
88,camillerudolf,36
89,TorontoStar,36
90,wendygillis,36
91,vlemaline,37
92,BreakingNewsKE,37
93,CapitalFMKenya,37
94,inionroisin,38
95,everymangirl,38
96,BornWithOvaries,38
97,medusaisdone,38
98,BellaLy41066561,38
99,FemmeLoves,38
100,EbonyDawnMarsh,38
101,yuripetuh,39
102,_dl_sun,39
103,alkharusi007,40
104,Shibtoken,40
105,chandan__india,41
106,AanyaShree,41
107,redenmd,42
108,InfantryPilot,42
109,lil_deepx,43
110,d4ddylilpeep,43
111,scarletsilhal,44
112,AddictionEmanet,44
113,mhapica,44
114,Angela00698788,44
115,amy17016055,44
116,melinda109,44
117,Re22r_,44
118,LorenaLavinia,44
119,manoucheman,44
120,Evelinaa_h,44
121,RFewTimeT,44
122,amphetrite,44
123,tobajas_carmen,44
124,serendipity0405,44
125,RDeniz07,44
126,NZ47614717,44
127,Lina30111112,44
128,tessy_94,44
129,Susanna_2n,44
130,WorldSehyam,44
131,fatiiiiiiiiii12,44
132,RehamVuslat,44
133,SLove837,44
134,redroses269,44
135,LinaSchama,44
136,askri_hajer,44
137,ViancaM4,44
138,CamiciSonia,44
139,KaterinaTso7,44
140,daniellejang3,44
141,bebeguisme,44
142,HayaFatima339,44
143,AsmaSal71057107,44
144,moonlighhhhhht,44
145,NorthStarForev1,44
146,AlaeddineSafaa,44
147,ReHaM95G,44
148,Saretta13885,44
149,CashewTop,44
150,serinityserin,44
151,IiSsRr222,44
152,BeatrizTatlitug,44
153,BettyLokita1,44
154,PessoasPen,44
155,duyseri2,44
156,Vio96497224,44
157,MafiaPr54820849,44
158,NourAhm135790,44
159,gul24298,44
160,sorayapassos,44
161,dogsandcats666,45
162,FOXLA,45
163,jackdrabbit2,46
164,MylisaJohnston,46
165,g_washie,47
166,edwinsifuna,47
167,sanniyeah,48
168,zivamagnolyeah,48
169,mikerus28837897,49
170,jreentertain,49
171,olivermort,50
172,FeoUltima,50
173,unknownfn1x,51
174,codepoysha,51
175,reynarabi,52
176,cherrythedemon,52
177,willianpbusch,53
178,mareasie,53
179,eval_prime,54
180,gaby_kantor,54
181,atensnut,54
182,tripham98,49
183,maewmb,55
184,NYGovCuomo,55
185,alk_rx,56
186,kasim_hafeez,56
187,hwasabaiana,57
188,wheeingloss,57
189,timbosmiff,58
190,MPSFirearms,58
191,bannedmerchant,59
192,honest_pepsi,59
193,missskitttin,5
194,enidlogan,5
195,alisaqlain761,60
196,nofearghazi,60
197,limitlessrovers,49
198,aoluwabunmi,61
199,GuardianNigeria,61
200,henryiixx,62
201,Greatman__,62
202,joeywhyte_,62
203,Kobe_blaze,62
204,rudyardsingh4,63
205,NC_Juggzz,63
206,gigi35875885,64
207,club_cable,64
208,daveh_b,65
209,shaddyboo__92,65
210,s0apiii,66
211,MintBlitz,66
212,davion2112,67
213,FizzySodaIsland,67
214,maketeij,68
215,CKirubi,68
216,rayyxnnn,51
217,5xcii,69
218,HumansNoContext,69
219,kipmecha,70
220,RailaOdinga,70
221,blooper1107,71
222,TheSeven2021,71
223,sidneythe2nd,72
224,LiseScreams,72
225,paletero83,73
226,_yelsew___,73
227,1lulo_,74
228,1oxzeo,74
229,cccerlys,75
230,RudyRoedyanto,75
231,rachmad_s38,76
232,INABadminton,76
233,kishanthar,77
234,KSRathoreINC,77
235,jok_luk,78
236,AjakPeter,78
237,crawf34,79
238,BobbyBigWheel,79
239,boatical,79
240,AndrewSolender,79
241,kj_lul,0
242,kimpimpam,80
243,kaeyafucker420,80
244,kippin21,81
245,trusumless,81
246,colsty13threal,82
247,adisa_kun,82
248,mami_adisa,82
249,rosa2arvensis,83
250,RussWheeler9,83
251,xMechaBeastx,83
252,Not_the_Bee,83
253,TheBabylonBee,83
254,yoongiseyestell,84
255,denjizlover,84
256,ebtbas,85
257,TaehyungLuver8,85
258,robert80000000,86
259,BBCNews,86
260,lisa87120,87
261,unixdoss,87
262,NBCNews,87
263,sheila92888741,47
264,JamesOngwae,47
265,TheODMparty,47
266,blueblurelectro,88
267,JesssAdel,88
268,brevin630,89
269,Stoic_Miiverse,89
270,joanne00763424,90
271,PikeRoversFC,90
272,simpnationt,75
273,BadmintonTalk,75
274,gkirimi111,70
275,slylady103,91
276,PetersonJCat,91
277,mbuguamelanie,68
278,yourgirlJEJE,68
279,mima_hime,92
280,MysteriousRyan,92
281,anyami61,93
282,ABC,93
283,marhreeyah,94
284,Makintamie,94
285,balance2extreme,95
286,jeremycorbyn,95
287,LBC,95
288,marmelade_whore,96
289,Smoke_and_ash_,96
290,bandhan_jha,97
291,ReheSamay,97
292,chesscom,97
293,vishy64theking,97
294,glossykitty,98
295,DeathwDignity,98
296,sonicjakks,88
297,joe_fraud_biden,99
298,RyanAFournier,99
299,mybestiesanity,100
300,iSlapDwt,100
301,catturd2,99
302,ShadzMangaOnly,81
303,alyxhilda,101
304,callmedollar,101
305,attypolly,93
306,missycora1,93
307,nanayawbioh1,62
308,Kayjnr10,62
309,golden_babe2,102
310,Only_Itunu,102
311,ForAmerica,99
312,CortesSteve,99
313,brandilord9,103
314,barstoolsports,103
315,brightoneke,104
316,OAmollo,104
317,goraswiftclaw,105
318,kotori_mouchi,105
319,Myahster,105
320,justusatuti,106
321,MigunaMiguna,106
322,ojthenigerian,107
323,killahBEENbee,107
324,ellienoteleanor,108
325,FrostedSiren,108
326,alphaoverhere,109
327,MarshArcana,109
328,68petergunn,110
329,SeattlePD,110
330,keithtate6003,111
331,Animation_KJ,111
332,adathelearner,107
333,tem18633498,112
334,Tate,112
335,stebogameboy,81
336,Theorytheory2,81
337,zorosbabymomma,81
338,treasureoine,113
339,ChristabelEbai,113
340,ambrosekagwa,114
341,kizzabesigye1,114
342,trixibe,9
343,man_x_man,81
344,shardesu,81
345,buddyakabuddyb1,115
346,Nacho87329549,115
347,K_Elisabeth1964,115
348,AlanSla90124663,115
349,minnie_mog,115
350,quackycutey,116
351,toxicquackity,116
352,patazarian,117
353,softuch25,117
354,autumnsgal,118
355,Brynstar7,118
356,trinijayjay,118
357,scottbrowntweet,119
358,MacCocktail,119
359,davey_jones75,120
360,GGBreakingPoint,120
361,Mutineers,120
362,adumiahmad,94
363,worldpeace4you,121
364,billmaher,121
365,70394_chris,122
366,dailytpnchris,122
367,chafiebuckets,123
368,notcrypticno,123
369,carmarder,118
370,dainsliefz,124
371,VELlONAS,124
372,king_patra1,125
373,rubylaren,125
374,Ke_inthrees,125
375,meetgoogle,126
376,MyNation_net,126
377,daligallah00,127
378,euutue,127
379,cfcaifie_,128
380,avfcwheloo,128
381,oghenekomeee,129
382,yabaleftonline,129
383,yewande___,107
384,dillpic17,130
385,CoachCass4,130
386,toti91591031,131
387,szeetea,131
388,mohamme30632076,132
389,akomscopy,132
390,omarrrrrh,133
391,iruefii,133
392,rafiulawal88,94
393,lifeoframa,134
394,memefess,134
395,maziobumneke,135
396,Phonyxxx,135
397,metodijakoloski,136
398,UMDiaspora,136
399,obenewaa_miel,62
400,Daavi_aku_,62
401,chbraska,137
402,RenReload,137
403,butqeus,138
404,aspaldiko41,138
405,iamfreddieakin,6
406,mccornflake1,139
407,_conisbomb,139
408,nourahm135790,44
409,planetalunar_,138
410,gerardletmc,140
411,cowboydennys,140
412,babkasofa,39
413,mintyminun,141
414,cinnaminun,141
415,macpattyaustine,102
416,NengiAllfor,102
417,paupau62164424,142
418,newsonnbc,142
419,yomismo151,143
420,PlayRuneterra,143
421,ss1kakarot,144
422,geneseeboy,144
423,h2o_2go,145
424,CallofDuty,145
425,amakaothistle,107
426,kyoruthinker,146
427,wjsnyooh,146
428,_mooonya_,39
429,ronroo78,147
430,TheGambiaFF,147
431,foikvore,148
432,isobelgeorgina,148
433,txomin1043,58
434,birdmom566,110
435,NatPoliceAssoc,110
436,darrsamina,117
437,kapten__monyet,75
438,jlturchin,149
439,angiecthomas,149
440,samanthakrain,150
441,Railajunior,150
442,jposiyana,151
443,Mama__Evelyn,151
444,trashcanbanger_,152
445,TheChrisCates,152
446,limerickgh,153
447,Adom1063fm,153
448,rthurmichael,154
449,real_vim,154
450,vincent_caton,155
451,DionneGrant,155
452,johnfcandyy,156
453,MetalcoreMelon,156
454,popeye1961666,117
455,KLCHII,107
456,ghostburisrad,157
457,InfernoDraw,157
458,lazyninjas4,158
459,Sanpatso5,158
460,problematicturt,146
461,ttallis1505,110
462,KatieDaviscourt,110
463,ltdad613,159
464,RocksForLEOs,159
465,nocturn58778803,160
466,FUNKYHUNT3R,160
467,golphluvr,161
468,Ashtons_Journey,161
469,thebitt72583411,162
470,SaharaReporters,162
471,big_sip_santa,163
472,Brink_Thinker,163
473,yukiandhana2,91
474,auntieanne809,46
475,eliassudan1,164
476,Dr_HagosAbrha,164
477,11whn84QwAh6Vys,164
478,forcanuckssake,165
479,BCLions,165
480,mosopemi,125
481,_MzJayde,125
482,stevendegwa9,166
483,ntvkenya,166
484,enjoymyholiday,13
485,wrestlingguy435,167
486,MRivers_Slayer,167
487,golliatus,168
488,iHasCupquake,168
489,bemay666,169
490,saintesabrina,169
491,sabrinakureha,169
492,kaluthaalex,47
493,NationBreaking,47
494,luciferiite,170
495,s0pr3ttyimani,170
496,faithwa21038282,171
497,WilliamsRuto,171
498,cicadagang,172
499,TheRealKeish,172
500,DAICHlNU,146
501,arianaposltlons,173
502,eheavenlyyyy,173
503,m_skeliana,174
504,AChevyWolf,174
505,paulett20997141,175
506,equalitynow,175
507,JournoJess_,175
508,amaizuskitchen,176
509,MutasaTsungai,176
510,TNHZ_Trust,176
511,tee_marve,176
512,liliajolibois,13
513,webleedinglove,39
514,myidentityispak,177
515,radio_muslim,177
516,beniiiiinngg16,75
517,itsyourdadaherr,178
518,PTB_OAFC,178
519,samuel_sussman,179
520,JustinTrudeau,179
521,rcmpgrcpolice,179
522,chrisogonas,150
523,leemakwiny,150
524,littlejjgk,180
525,iambeckyg,180
526,JJK_Times,180
527,MrEatYaAss,81
528,chosenzela,181
529,MatoiStrife,181
530,billboardcharts,180
531,BTS_twt,180
532,adaru32,182
533,petplayer976,182
534,cash_override,183
535,MattMcInnis6,183
536,akamxtsuu,184
537,regiisofficium,184
538,saritairene,185
539,itsaccool,185
540,cateschofield,186
541,Star_BLM,186
542,munda_phil,187
543,HonOscarSudi,187
544,HonJakoyomidiwo,187
545,heightshyhiker,58
546,artispolitical,112
547,cjakoyugi,70
548,staticlones,188
549,deadterukane,188
550,martinaosamaa,189
551,_Etsh,189
552,rojavi23,110
553,CryptoGnomie,110
554,____trillest__,26
555,50shadesoffelii,190
556,HubertMweli,190
557,DBE_SA,190
558,ElijahMhlanga,190
559,ReginahMhaule,190
560,veesupremee,191
561,CouncilOfHumor,191
562,belinda0871,192
563,josemorgado,192
564,kaluannabel1,193
565,Divineshaqq,193
566,daveb8s,194
567,MollyJongFast,194
568,tirkole,68
569,annmari69182706,195
570,AliVelshi,195
571,madhumeeta20,196
572,Samjubi1,196
573,theodox_dip,197
574,_Beniita__,197
575,elka72,198
576,hellohistoria,198
577,noonofday,198
578,azurengames,199
579,elementrealism,199
580,Odyssey_lore,199
581,risaruart,146
582,thenewfiepirate,200
583,DanielBGreene,200
584,trpalermo6245,201
585,ValkyJade,201
586,paidareg,202
587,maina_betty,202
588,shakiraayessa,203
589,marte_gs,203
590,julie_czulewicz,204
591,IMDb,204
592,kanyambipauline,205
593,SCOANHarry,205
594,xoxo_binta,206
595,jaisawo3,206
596,NjieShybenz,206
597,ontiptoes123,207
598,opinionatedmum1,207
599,kinsey_andrew,58
600,jsopercook,46
601,frenchieeeboi,81
602,pinkmoondust1,81
603,mawandemothibe,208
604,PatBafo,208
605,soydivisionblog,91
606,dramionesbb,209
607,imqerio,209
608,SaikoHax,30
609,raymondfreedom,210
610,NinyesigaKevin,210
611,danielaawni,211
612,TS7_official,211
613,K_jeonghwan,211
614,huzy_mr103,180
615,pabloburner_,212
616,Avi2SAYIN,212
617,dzackgarza,213
618,jessalou19,213
619,maxwellsmart86d,214
620,LawsEdward,214
621,kevr1234,58
622,shadecam,215
623,Necca,215
624,retroresolution,216
625,jetset8bit,216
626,mistyhavencakes,125
627,angelicamsanii,166
628,orengo_james,166
629,Alex_Jean3,81
630,someotherlevel,68
631,ronjeyrocks,68
632,cestrad22439756,217
633,SBCSDdgarcia,217
634,nos_events,217
635,lesliefrog,217
636,humble_guy2,218
637,KatlegoMaseng1,218
638,bogdanstefan91,219
639,PlayStationUK,219
640,mensweardiana,220
641,paulineinfinita,220
642,michaelpbyrne1,110
643,khushiram1967,221
644,INDUCHOUDHARY17,221
645,maxinehammerman,222
646,WESALiz,222
647,swedishgamester,223
648,Villordsutch,223
649,zxkim811,223
650,mrwillross,191
651,lubalakogolide,176
652,cazawaty,176
653,RaisedonB,176
654,BeneButo,176
655,Alfred67686158,176
656,chiefmunya1,176
657,freemanchari,176
658,nustzim,176
659,CurateByo,176
660,mimimkenya7,224
661,OdhiamboIsabel1,224
662,kathymcrae9,225
663,LukeRussert,225
664,GeekMama24,225
665,smoothkurdit,226
666,DengditA,226
667,dong_malwal,226
668,fuckmoddy,30
669,dana61895636,227
670,hope7096,227
671,mercyrasmu,106
672,K24Tv,166
673,taylorwires,228
674,Exposed41706248,228
675,votingvoice1,229
676,malraem,229
677,grose_gordon,229
678,gxtter2,230
679,blockchain_lama,230
680,balloonybfb,231
681,baIloony,231
682,christkimp,232
683,officialbantams,232
684,bantamsacademy,232
685,ralsweets,135
686,roberte79291209,233
687,Frosso747,233
688,h3h3productions,233
689,butch20201,234
690,moynecs,234
691,2jehan,235
692,kenthehr,235
693,Mikeggibbs,235
694,shellwwfcsankey,236
695,OAKES9,236
696,ashlea_____,237
697,Dintswie1,237
698,thugcrybabyy,26
699,sobblechao64,238
700,Yuriofwind,238
701,mnrhaufiku,239
702,mvenaani,239
703,surmerco,240
704,UncappedGuluva,240
705,greebogrowls,241
706,David_Challen,241
707,mehanlon1951,93
708,deaissata,242
709,IOMGambia,242
710,UNmigration,242
711,IOMchief,242
712,IOMROWCA,242
713,FumikoNagano,242
714,smatete1,242
715,cristal79450544,135
716,hmszone,243
717,aparnasridhar7,243
718,justcallmedija,244
719,FangarVA,244
720,wamaniivan8,245
721,BrendaJassy2,245
722,suffolkhome,246
723,TobyHadoke,246
724,maggiesgrandma,13
725,nickiesmydog,5
726,oyegun_ololade,247
727,Joyyemmie89,247
728,Gracebal0,247
729,devillegsanji,81
730,prieta_one,248
731,BivingsDoris,248
732,markcerce2,249
733,TheValPerrine,249
734,parblooflagos_,125
735,_deyola,125
736,talha_goat,250
737,LM10_Angad,250
738,BabyAnsuFati,250
739,pawoon_4_pasta,251
740,nickmorristt,251
741,yourmostdevoted,252
742,guertena_maria,252
743,deltacinderella,110
744,notorious__vex,81
745,brettfisha,253
746,TaraMacphersonx,253
747,johnmugo_mw,68
748,jelejele89,240
749,Miss_PauLee,240
750,eliantoelly,171
751,dcmahab,254
752,MWD_News,254
753,usairforce,254
754,ndnkateko,240
755,ess0h,110
756,MessiTheGoatt10,250
757,bladeofpeace,255
758,A_Real_Pandaa,255
759,DaAwfulgamer,255
760,ReadyUpJeff,255
761,alfonsoquirola3,256
762,NataIiaKarina,256
763,deborah26449389,91
764,ahmedalmehrook,257
765,RaniaKisar,257
766,hadassahxx,170
767,kobbydent12,258
768,GhanaSocialU,258
769,nauyomadee,239
770,Dilukeni,239
771,imsmalllebowski,259
772,ChocolateMastr,259
773,afolabi57746139,260
774,mide_ex,260
775,dinomom1,46
776,kamaliqdam,261
777,LassQaradaghy,261
778,ben__forbes,58
779,restrictedwings,223
780,gamesyouloved,223
781,abandon3drain,262
782,simpleteeths,262
783,luminary444,263
784,adinross,263
785,nyarangihon,166
786,HonAdenDuale,166
787,willyflashmutin,264
788,bonniemusambi,264
789,lesetjamac,240
790,MightyMax44,199
791,_wotta,199
792,notaxation,199
793,ljubica1,236
794,racal200,223
795,temihbae,125
796,Alex_Houseof308,125
797,l_redtop62,265
798,SlidellPD,265
799,representin905,266
800,jessica_penny_,266
801,trish_houlihan,267
802,PippaCrerar,267
803,clucknsquawk,267
804,EveningStandard,267
805,royceramma,68
806,josiefashionp,268
807,tedcruz,268
808,TheGabiType,81
809,_byan_666,244
810,daimionkaizafox,174
811,sarahmwolf74,269
812,highwaylass,269
813,dagoat_trades,270
814,Ultra_Calls,270
815,taiwoadeolu1,125
816,iamMrBoro,125
817,symoanguyo,271
818,SadatAnaku,271
819,khumibear,240
820,blue_prop,272
821,Kicksbuttson,272
822,charles39409092,58
823,rashaadtayob,273
824,egfalken,273
825,ombike1,274
826,TheNamibian,274
827,garimaj09413973,275
828,suniketroy,275
829,josephg89686499,276
830,EliudKipchoge,276
831,hand_toni,277
832,Lesdoggg,277
833,monster70896686,278
834,Officiallythat2,278
835,Razur_Draws,278
836,rosannaislander,279
837,ClaudetteGGibs1,279
838,lynvole,280
839,moonharee_,280
840,jewohl10,106
841,CisNyakundi,106
842,dr__schandorf,9
843,dek56,281
844,LadyAndGrey1,281
845,lsuzwood,281
846,jeanpaulosta,282
847,Assile_T10,282
848,thisistushaar,170
849,TheF2jr_,250
850,theblackratt,58
851,mwsbum,39
852,greencastellan,283
853,steebiru,283
854,ntomugania,47
855,karoba_john,47
856,ShonenMeathead,81
857,leqendfmly,284
858,Hypefnr,284
859,akmmilys,284
860,specwise,223
861,romeotrnr,169
862,a_mac_0079,285
863,U1989080,285
864,arapkemeikimu,171
865,NamelokLaw,171
866,aaosevakare,286
867,lioness44123801,286
868,ThappadKhaoge,286
869,ritakaddoum94,282
870,gracepe4ch,287
871,lunalmoth,287
872,sloth_capsule,287
873,sleepy_skittles,287
874,berliceo,106
875,KenyanTrendkid,106
876,cammmelnyk,165
877,CFL,165
878,shahjee_5,288
879,Sanam_reyyy,288
880,fiochpiss,289
881,readytotear,289
882,joe8715,5
883,ShinErinya,81
884,disconicholas,240
885,cormier1027,290
886,Habs_Fan_NJ,290
887,lavadoo4,291
888,Kirbonix,291
889,jmudiera,47
890,WanjalaHon,47
891,piusbryanh,9
892,GhPoliceService,9
893,Nek0Gurl,30
894,alekialeah,171
895,olu_semola,292
896,iSlimfit,292
897,anyonas1,150
898,HManyora,150
899,KTNNewsKE,150
900,citizentvkenya,166
901,debarlinea,150
902,G0DRENE,57
903,maggieashleyyy,293
904,ditie256,293
905,Atuhairecarol10,293
906,DavidDallas256,293
907,N_a_b_zpro,293
908,Aradise256,293
909,tusiimem01,293
910,PrimAsiimwe,293
911,meronchill,293
912,Peshk319,293
913,agongoemmanuel1,9
914,minagustikk,39
915,mrhovs,294
916,EnbyThroatzilla,294
917,welbournestud,295
918,railbird,295
919,jezpike777,296
920,micky_norcross,296
921,ryandanieltuck1,297
922,JordanaBrewster,297
923,TheFastSaga,297
924,gowens1878,298
925,kaatiemxx,298
926,nungarimercy,299
927,KIMANIICHUNGWAH,299
928,pakunodaswrld,30
929,lailahid,75
930,jojoghaith,282
931,johnnyarko6,300
932,gyaiigyimiii,300
933,carmonisport,17
934,ulfgrad,301
935,Garciamatheus99,301
936,heyitspenguin_,170
937,Arkhm_Knight07,250
938,emmiimokwena,302
939,ReFeeLweH,302
940,Lesedi__MS,302
941,canty24,303
942,boosters_oa,303
943,thor46953,254
944,Dara__02,199
945,RverseTrashyy,199
946,skelesarah,304
947,achemicalmess,304
948,shimpirutuja,305
949,VertigoWarrior,305
950,aberus,306
951,RebeccaSlatkin,306
952,andyyouareastar,30
953,leleie6,150
954,ItsMoran_,150
955,guzmaphantom,307
956,DollarOmegamanX,307
957,realjsharma,5
958,KwikWarren,5
959,warriorboss2,308
960,MissBdalFAL,308
961,jatoizargham,309
962,AbsarAlamHaider,309
963,volpe_noreen,86
964,gettv,86
965,cannedbirds,310
966,F4keWh0remoans,310
967,debiwinter01,311
968,BvuePD,311
969,zeezaluv,312
970,DJRoJay,312
971,dr_neham,313
972,drasmalhi,313
973,patric_githaiga,150
974,eston_sabari,150
975,florence_mutua,150
976,tumechanuka,314
977,dnahinga,314
978,bosslady_za,26
979,shivoa,315
980,AliceAvizandum,315
981,ardiutamaguna,75
982,fcumeezus,316
983,Complex,316
984,penny38555832,317
985,mickrow66,317
986,SkyNews,317
987,oscario_mp4,318
988,YuBPlays,318
989,kasmikmugyenyi,245
990,crescntdarkmoon,319
991,MShiph,319
992,debbieb3033,320
993,_SJPeace_,320
994,ShinigamiLux,30
995,louluvgossip,17
996,nicolab60774331,321
997,FrCian,321
998,samirhaliri11,322
999,VinAraali,322
1000,cartmanbantam,232
1001,obrempong__,62
1002,ferret_rufamiru,252
1003,smoopsne,323
1004,pankocrust,323
1005,ty2005_92,46
1006,smokinregg,324
1007,M0ns00n1,324
1008,ih82tweetdood,324
1009,mbeniajp,150
1010,aragorn_1a1,325
1011,itsnot0la,325
1012,wenca26,326
1013,victoriusms,326
1014,itsmwendwa,166
1015,adeololadeola,327
1016,MobilePunch,327
1017,_yasir_hon,328
1018,ARYNEWSOFFICIAL,328
1019,paul_wagen,9
1020,shahdras_,155
1021,jackseptnickeye,329
1022,Loudwire,329
1023,shezbellb,330
1024,Heltoncumbe375,330
1025,skhomo23,331
1026,_Themusa,331
1027,kanishk980923,332
1028,handsomeguystn,332
1029,its_hadiyaaa,333
1030,GoStudyAbdulla,333
1031,jalphah,70
1032,shelohsophy,171
1033,snugglor,17
1034,enjaynius,334
1035,Yoongimeribilli,334
1036,simply_mapz,218
1037,lewissingergta,335
1038,XTV_GTA,335
1039,marym62093600,93
1040,topwunpercent,30
1041,PretzelJones,199
1042,codyeades5,268
1043,namkcemal3,320
1044,umit_k,320
1045,naetaylor_,336
1046,CashApp,336
1047,ejiro_00,337
1048,I_Am_Winter,337
1049,akinakinteee,338
1050,odepiipii,338
1051,yorkshirebec,251
1052,kronyalovesyou,339
1053,van_0nwheels,339
1054,sweetbrie_,57
1055,akemisum1,340
1056,YeshaCallahan,340
1057,yumcoconutmilk,340
1058,scaver17,341
1059,_AfricanSoil,341
1060,georget26444149,55
1061,fateswarning86,342
1062,TheDollyrots,342
1063,QuitoDollyrot,342
1064,samngug81695794,343
1065,MikeSonko,343
1066,kemmysanders,104
1067,peq0circ8ltk6pk,344
1068,_leoso7,344
1069,wisestme2,245
1070,souravs234,345
1071,AnyBodyCanFly,345
1072,corybarlog,199
1073,zyuranbat,346
1074,MCU_Direct,346
1075,rosiexpcy,347
1076,sooyamiraj,347
1077,nomummrr,39
1078,adeptusyaksha,348
1079,splochy,348
1080,hugx4pets,349
1081,AlastairMorgan,349
1082,herbertjacobz,271
1083,FR0ZENSEA,81
1084,ramsaykart,345
1085,skinsinge,350
1086,Harada_TEKKEN,350
1087,milfcodedshizun,252
1088,Solange_Machel,330
1089,thisisboomer,351
1090,KevorkAlmassian,351
1091,elvinbarongo54,68
1092,aparnareddy_t,345
1093,corsiar9,281
1094,louistabbycat,281
1095,BigBlackBeast4,281
1096,m_sandipan,352
1097,shobnasi,352
1098,Rajhars23375839,352
1099,LotusBharat,352
1100,lorenz_4734,353
1101,Shishamonomi,353
1102,viperh_,354
1103,Ahmdlbr,354
1104,uniqueolushola,132
1105,panda237,355
1106,hurricanejinx,355
1107,WrestlingGary,355
1108,Jamezila,199
1109,jolliejolly2,68
1110,RobertAlai,150
1111,joshua_muas,70
1112,gaucho237,70
1113,luckytrain2004,118
1114,happyvi03373433,356
1115,ArmaanMalik22,356
1116,uncle_phillips,357
1117,fbi_initials,357
1118,toddyoungonline,358
1119,bader_diedrich,358
1120,ditzkoff,358
1121,mechnuggets,359
1122,SkullxNFT,359
1123,ek_tha_ahmed,360
1124,i_amleena,360
1125,numzolo,361
1126,MzoloPearl,361
1127,amaycien,362
1128,madelinebilis,362
1129,audreyxrxr,363
1130,Sikaofficial1,363
1131,mr_otutey,363
1132,kelvinkenani,47
1133,alfred67686158,176
1134,haykyns,6
1135,Bluenyde_,81
1136,niiamarh,9
1137,matsikachandomc,70
1138,mmnjug,70
1139,advocatemahere,70
1140,macksport,364
1141,BlueBullsRugby,364
1142,kimyoungilll,365
1143,asumsico,365
1144,nunyajones,366
1145,BravoTherapist,366
1146,TMFchica,366
1147,rosemic72248137,367
1148,FacesOfCOVID,367
1149,brettnll,199
1150,jomingo24,150
1151,kingmandume1,12
1152,nkessewah,368
1153,Efuomm,368
1154,arend_backman,369
1155,sarahschauer,369
1156,nlcknotnick,370
1157,purpledinocast,370
1158,skyjammer1979,68
1159,eduoperator,166
1160,nessah9999,371
1161,Francescaofware,371
1162,kentbumgarner,268
1163,snarkolepsey,268
1164,ACJenings,268
1165,LiilyanSolangee,330
1166,Donsarigo,166
1167,reeihasdiac,372
1168,LavBaalDevarim,372
1169,realHasdaiC,372
1170,Scripteladora,372
1171,Resist_dwp,372
1172,OzoneAnt,372
1173,ExposeFakestine,372
1174,Hummusologist,372
1175,gazellagazella,372
1176,HebMacMan,372
1177,Moshepupik1,372
1178,Hades91117954,372
1179,serhumanomiguel,372
1180,P3ng1z,372
1181,MiriamL99472550,372
1182,adhamsa70052369,372
1183,e_neko_san,372
1184,AnastasiaKLynch,372
1185,slax43,372
1186,Pball01,372
1187,TopRantKing,372
1188,dorrit_r,372
1189,Xolo27i,372
1190,Rasputinish,372
1191,Lisatrainer10,372
1192,Artspeakcentral,372
1193,sadcjp,372
1194,ani_bencohen,372
1195,PriestSanity,372
1196,david_starof,372
1197,DreyfusShawn,372
1198,HillsHaveEyes02,372
1199,EC78452515,372
1200,ladyalmagreen,372
1201,Real__Ari,372
1202,savtah8,372
1203,MargolisShana,372
1204,Nudiustertian_1,372
1205,Star74634907,372
1206,Pakeha56,372
1207,ronkonoma,372
1208,AynTrump,372
1209,bilmishmish,372
1210,nifkadimnohahim,372
1211,angelin80379301,372
1212,BlueGreenberg,372
1213,SamuelLasker,372
1214,Myheartbelow,372
1215,ronoue_yuri,372
1216,7_nets,372
1217,kalambish,372
1218,miashadow7606,373
1219,HRC,373
1220,AblazaLuis,199
1221,adeadbeatwinner,374
1222,LocalVegetaHoe,374
1223,khotso_dirane,375
1224,DumiTsotetsi,375
1225,suleimanaa5,376
1226,M4bnwo,376
1227,DawnRobb8,376
1228,coneill1965,377
1229,allypetersnews,377
1230,News_8,377
1231,louisross67,378
1232,sportingminute,378
1233,snakedokta,379
1234,nyaribar,379
1235,AlderDSBlue,81
1236,SenEto99,81
1237,halimatukhaleel,380
1238,TeeteeYY,380
1239,stellah_reggie,381
1240,CNN,381
1241,allegrafox,382
1242,DavidLammy,382
1243,ayytoad,383
1244,breadskatewhore,383
1245,James_Batchelor,199
1246,AndyPlaytonic,199
1247,ikes_kobby,363
1248,ngetichkipro,37
1249,leuba_ramakadi,218
1250,botsemohlala,218
1251,malumzskhulu,218
1252,sadcigss,384
1253,HYPEBEAST,384
1254,musyoki4lilian,385
1255,SCOANTBJoshua,385
1256,_nomthandazo_,361
1257,TensaiMalek,81
1258,georgem24458821,70
1259,zoommnnn,386
1260,mjdawar,386
1261,michaelsaliu,247
1262,ErastusThompson,247
1263,SheizaAninha,330
1264,Shawn5313,199
1265,sharongaynor08,387
1266,travelanita1,387
1267,tropicanz,157
1268,iwishiwaspog,388
1269,mmushnee,388
1270,giftyar70348165,389
1271,thenanaaba,389
1272,countydc2203,390
1273,Shomrim,390
1274,metpoliceuk,390
1275,MPSHackney,390
1276,CrimeLdn,390
1277,hackneygazette,390
1278,MPSRajKohli,390
1279,999London,390
1280,nietzsche_007,391
1281,KurtEClothier,391
1282,bulkbiker,391
1283,beibhinnbyrne,391
1284,MichaelG1,391
1285,joelblaCK07,247
1286,rossyanggi,392
1287,Tatsuganteng,392
1288,fashionotto,5
1289,AMarquelio,330
1290,byser_mr,393
1291,ccm_tanzania,393
1292,ui_lilyoda,394
1293,BoredPunkYC,394
1294,lango_lubede,395
1295,Iamthobeka,395
1296,1greenworld9,93
1297,sed_ayu,312
1298,izzysaks,396
1299,MonderinoHere,396
1300,OOCAdult,396
1301,AnimationNoCont,396
1302,NoContextEnter,396
1303,NoContextSpoof,396
1304,OutOfCntx_Luxo,396
1305,nc_disneyplus,396
1306,disneycontext,396
1307,sisi_onyinye,357
1308,mugalawrence,150
1309,Winnie_Odinga,150
1310,a_simpiename,157
1311,_3p0ch_,157
1312,vjzvfx,397
1313,davxzy,397
1314,tjaa41102890,239
1315,brian84850976,398
1316,jaxella_,398
1317,bonfacemukhwan2,70
1318,MidnightSxies_,81
1319,xyeoshine,169
1320,vivekk303,399
1321,MarksXman,399
1322,PCheppudira,399
1323,MeghUpdates,399
1324,kofiba_nana,9
1325,geoffre31271019,171
1326,MillicentOmanga,171
1327,ruthpantoja3,13
1328,ee_grafix,9
1329,ssitienei,68
1330,inurdr34mz,400
1331,ZardEXF,400
1332,maryamprofanum,401
1333,lordinferno666,401
1334,solomonobange,68
1335,lonelyayla,402
1336,thefleeee,402
1337,sweetpeahamster,403
1338,BobKarpDR,403
1339,emoit79,404
1340,SpeakerJBMuturi,404
1341,GamerDoctrine,350
1342,demetrionw,268
1343,robertl06491321,405
1344,DrewLawDesign,405
1345,baz3322,406
1346,SoniaSultanxox_,406
1347,alejandromeine1,407
1348,HHRII7,407
1349,bundimeme,166
1350,allan37148145,166
1351,zeynabIsmail,166
1352,Mint_Miss_Kira,96
1353,h0td0gfingers,408
1354,italiandry,408
1355,nemchocke,107
1356,brandonbrough17,409
1357,DJSCHEME_,409
1358,maiciey,68
1359,noelchantima,410
1360,mjomanii,410
1361,xtearyeyes,411
1362,ChrisAntonacci1,411
1363,sasitaronald,412
1364,Wetangulam,412
1365,Artsyrean,81
1366,a_komuhangi,245
1367,toastiwi,413
1368,warmilkopi,413
1369,bitocba,397
1370,Njeri50389251,191
1371,nevaeh___viena,414
1372,suna_rintarou10,414
1373,mikeyper5125,166
1374,AdanZamuh,166
1375,baumus77,415
1376,prisdeveloper,415
1377,abukaka_abukaka,68
1378,jimnet6,166
1379,MwalimChurchill,166
1380,hill_avu,416
1381,MusaliaMudavadi,416
1382,amayojo,171
1383,NationAfrica,171
1384,vulpinealpha,417
1385,elijahkylemusic,417
1386,woolydub,418
1387,AlanShipnuck,418
1388,chrismasseyfois,183
1389,theofficialmi13,419
1390,SsafaSouthend,419
1391,someidioticfan,420
1392,ArtofRhues,420
1393,dapburt,118
1394,josse_mwaura,421
1395,HistoryKE,421
1396,kshering,46
1397,Pville_Sandy,46
1398,M1rzaWaQaS,81
1399,lil_kaynax,422
1400,LinoaCaro852,422
1401,brennan55,423
1402,ChacoOttb,423
1403,notlxr,30
1404,africanpride_00,424
1405,tplohetski,424
1406,BootTexasGOP,424
1407,statesman,424
1408,KVUE,424
1409,erykol,68
1410,divinemerchant,425
1411,hvgoenka,425
1412,silasjakakimba,150
1413,kuncrib,385
1414,The_Vimbai,385
1415,d0llplay,426
1416,dirucult,426
1417,laurrein3,218
1418,dipakgo33221606,427
1419,sarbanandsonwal,427
1420,89perry,428
1421,yencomgh,428
1422,rahzyart_2nd,429
1423,BoreasBear,429
1424,andydeerman118,265
1425,flagguy3063,265
1426,AngelWarrior320,265
1427,bourne_cia,265
1428,gwr11309,265
1429,onefamilybrew,265
1430,jclott,265
1431,pamrogan,265
1432,Karrasamelia5,265
1433,karlajw,265
1434,SueMireles,265
1435,cfcrad,430
1436,bambitchdoie,430
1437,66trxnt,430
1438,celestialsooya,430
1439,kjslevel,430
1440,grusso_dcny,431
1441,HOOPERS_NY,431
1442,seafloorscience,432
1443,Billinsoton,432
1444,henara25,433
1445,Frances_Fisher,433
1446,blackmanj99,68
1447,MworiaJ,68
1448,dorgeai,434
1449,mahoney_marlene,434
1450,GeneralHospital,434
1451,watroswatros,434
1452,iamjesserockson,435
1453,CitiTVGH,435
1454,audacityrants,436
1455,actuallyember,436
1456,DoritoPK,436
1457,EvilPenny_,436
1458,eimshoopz,437
1459,fashmagslag__,437
1460,_b1ackr0s3_,438
1461,smokeasac,438
1462,syedzubaird,439
1463,rj_vijdan,439
1464,sherrybarber57,268
1465,noblemorkie,440
1466,mydogchoupette,440
1467,kuneselam,441
1468,maerg5,441
1469,virgini91187097,37
1470,cobaltnite01,442
1471,PaulTassi,442
1472,lowkeysmallz1,312
1473,ednanuel,443
1474,vickylittlewood,443
1475,BorisJohnson,443
1476,raghavendra1404,345
1477,dabukejela,150
1478,staytrash_,444
1479,v18262094,444
1480,cecesteffen,5
1481,rural_mtn_life,445
1482,mikkimouseclub,445
1483,nhorizon15,446
1484,TheStarKenya,446
1485,whodropdtheball,225
1486,mzunye88,447
1487,CentumRE,447
1488,englescott,448
1489,ThomasSKidd,448
1490,imjustluca,449
1491,BeyondTheBot,449
1492,limokurui,47
1493,vincentouma2030,104
1494,ettaers,93
1495,engcalvinceoch1,47
1496,lindahkk1,68
1497,cristia92286863,450
1498,VastGG,450
1499,lastdragonsaint,451
1500,032mrh,451
1501,thatbitchjuless,451
1502,brhymer,9
1503,mduduzikabini6,452
1504,SANDF_ZA,452
1505,ScottFalco,199
1506,jameshilden,268
1507,rajiv_jha_,453
1508,iamkaustavbhatt,453
1509,MeenaDasNarayan,453
1510,droopy_34,454
1511,ArashMarkazi,454
1512,fenlandphotos,405
1513,tmutheki,455
1514,gladyswanga,455
1515,melisamimosa420,456
1516,Cocochaneladair,456
1517,taebellyboo,39
1518,kipkoechvict,166
1519,bradley_kwabena,9
1520,dialy_km,70
1521,adeniyi_____,457
1522,Naija_PR,457
1523,petr_2090,9
1524,russellb4787,458
1525,therealBrandy,458
1526,stevenpowell4,13
1527,nyabera_dennis,68
1528,denkienthusiast,339
1529,christi97958664,459
1530,Sal_LaBarbera,459
1531,lynniethelove61,460
1532,ReelMFishman,460
1533,samuelofc,199
1534,macodras,47
1535,KuriaKimaniMP,47
1536,wotsinaname10,461
1537,XsHeLzZ11X,461
1538,Crybabywhybo,81
1539,ksj_oink_oink,462
1540,fcktae,462
1541,niqckyke,47
1542,pedroblessing_,47
1543,qrewmate,463
1544,glowwiez,463
1545,gemcwl,464
1546,zaknewf,464
1547,kiyokosooya,465
1548,Rajvinder_2000,465
1549,minasapphics,465
1550,kalo_suspended,465
1551,utd_robin,465
1552,UTD_Manraaj,465
1553,_txtpink,465
1554,CarrickEra,465
1555,StokeyyG2,465
1556,jennierubyiena,465
1557,puliemircfcc,465
1558,KipstaUnited,465
1559,nemon0tfound,466
1560,faelovesgnf,466
1561,cicinaomy_ke,37
1562,mcinikawalamar,467
1563,chapo255,467
1564,funjojr,467
1565,iHumphreyz,467
1566,JohnieZeBest,467
1567,BaloziMtaa,467
1568,MiriamMkanaka,467
1569,vantsepkolz,5
1570,joanne2673,468
1571,akalamusic,468
1572,nicolagray78,469
1573,albolt76,469
1574,rahhead01,469
1575,MrFlibble72LFC,469
1576,maropengmpete,470
1577,BaloyiStyles,470
1578,tonyfle14111958,13
1579,oyunguseka,150
1580,whoisascyn,471
1581,xvlmao,471
1582,teehampson,472
1583,ViinohLegodi,472
1584,zalgradiswow,283
1585,samanth90064219,473
1586,ThabisoCG,473
1587,bensang41828602,70
1588,MoiGideon,70
1589,lillian_owinga,70
1590,kronobitettey,474
1591,AnnanPerry,474
1592,lawrenceomoro3,47
1593,drumeshprabhu,317
1594,nicholasayah1,47
1595,angieleach,475
1596,StLeonardsCEP,475
1597,timmy_e8,476
1598,BerniceKing,476
1599,munezero_ronie,477
1600,aliza_pearl,477
1601,DrOtileUg,477
1602,malakiahailaula,142
1603,syedsanaulhaqu2,478
1604,MamataOfficial,478
1605,pie_emoji,479
1606,CatEm0ji,479
1607,loseiso,480
1608,TheOneThatHypes,480
1609,FinalHeartsX,480
1610,woomeio,481
1611,StageAngel,481
1612,MandyBeKillin,481
1613,jane34074026,482
1614,MajimajiKenya,482
1615,akimani66,171
1616,dodiethedodes77,483
1617,ProfessorPenis,483
1618,taleinge1,484
1619,EagleFMNam,484
1620,iam_gsb,485
1621,noxiou_,485
1622,ezerae2,104
1623,andrewdluecke,486
1624,uganda_sk8bding,486
1625,amnasson,487
1626,OfficialDynamos,487
1627,niggyotis,176
1628,artursepp,273
1629,kjpburns,488
1630,NewHavenFire,488
1631,haaretzcom,177
1632,sunaina224ever,356
1633,gitungati2,171
1634,banjo0fficial,489
1635,Kuame_Oliver,489
1636,stratma28497896,490
1637,RockNRollPics,490
1638,anelcabrera,491
1639,matteolambe,491
1640,rourealr,320
1641,am__mumbi,492
1642,Dopisticated,492
1643,Kianangih,492
1644,griffimo,493
1645,LaverneusDingle,493
1646,murrayofirelan2,93
1647,gemjims,494
1648,ireland_wolfe,494
1649,thexcherise,494
1650,sunnndraws,495
1651,EndeavorsAnims,495
1652,hangwanewt,496
1653,Abramjee,496
1654,ketch_pius,150
1655,willtosht,497
1656,AnyangNyongo,497
1657,lizzyt1206,498
1658,KTSMtv,498
1659,timethief1,499
1660,AllisonRFloyd,499
1661,yator254,500
1662,Belive_Kinuthia,500
1663,jar_of_kookies,501
1664,KTHDIOR95,501
1665,najjembacather3,477
1666,shatta58549062,9
1667,aimkorir,68
1668,itsjacksonke,502
1669,MPyusufhassan,502
1670,muriithi_kenya,68
1671,badambs,26
1672,makosiut,503
1673,iLOVEKURAPlKA,503
1674,yncs22,268
1675,wambui_ca_ke,447
1676,CascadiaKE,447
1677,johnmuchenje4,504
1678,4hZimbabwe,504
1679,WendyMadzura,504
1680,4hghana,504
1681,RChomola,504
1682,4halberta,504
1683,4H,504
1684,Michelle_Ncube_,504
1685,omolarajummy2,505
1686,Oluomoofderby,505
1687,kevomorelli,506
1688,wilmakebank,506
1689,mairekelly20,507
1690,Reuters,507
1691,alby_aguilar_,508
1692,DrGailSaltz,508
1693,sana_jamal,509
1694,naeemafzal_,509
1695,haremmasterdio,81
1696,amirgilad430,13
1697,zac52808645,13
1698,jaishrirama1,510
1699,Rishabh40393457,510
1700,itsSSR,510
1701,anky1912,510
1702,medussamuse,511
1703,arachnomutalisk,511
1704,xjust_a_nobody,512
1705,beelunas,512
1706,premkm61,345
1707,131_aim_,75
1708,minnetomm,68
1709,kanakkumarmukh4,478
1710,itspcofficial,478
1711,sm_mutei,513
1712,MbuiRobert,513
1713,josepho35975122,166
1714,didwaniaravi,514
1715,Tejasvi_Surya,514
1716,vaishnavireddys,515
1717,trspartyonline,515
1718,KTRTRS,515
1719,itskiprotich1,47
1720,CharlesNguna,47
1721,NAssemblyKE,47
1722,JunetMohamed,47
1723,kunehkuneh,12
1724,AlwaysPosted258,81
1725,oogaboogafr,81
1726,wholelottaredx,81
1727,therealdancer2,516
1728,Cleba1223,516
1729,ogumaken,70
1730,boss_emanu,70
1731,rugger_ref71,517
1732,SfrsStuartS,517
1733,oldteacher10,77
1734,john20942637,183
1735,gracewaithaca,47
1736,jasminewanjiru4,166
1737,nyakwarosong,446
1738,ramsey71430939,166
1739,xc96vi,489
1740,bansod_anirudha,518
1741,FijianGovt,518
1742,finbyoasta,519
1743,kattyoinz,519
1744,evesigei,150
1745,cnwakauba,520
1746,Tasinnewstv,520
1747,cobraa40293248,171
1748,janetleaprimeau,93
1749,boiwojames,171
1750,nikka40,17
1751,abhatia_16,345
1752,mrslue_khumalo,521
1753,Si6usiso,521
1754,mainamw40588045,171
1755,mashnoah2,166
1756,ehmissjulie,268
1757,Rob_Fn_Gnarly,268
1758,tapsmtephan,487
1759,NormanMaroto,487
1760,AndrewHallFF,493
1761,alumasajackson1,166
1762,oye_lala5681,522
1763,WisdomHous,522
1764,David0707070707,169
1765,colymncolins,70
1766,sunnyfalcon2,461
1767,restpeace_46788,523
1768,modest_soul77,523
1769,pearlvpuri,523
1770,jose69921287,70
1771,fabuoki,70
1772,LindiweSisuluSA,70
1773,sammydaktari,150
1774,alisonj09424077,524
1775,Crissed5,524
1776,jamesmo63693391,525
1777,mcsonews,525
1778,icripwheniwalk,526
1779,Amiivls,526
1780,ayimba_lillian,150
1781,VinceKozuki,81
1782,nelstweet,5
1783,chitechigmailc1,416
1784,karensm46507981,527
1785,huhnerfee,527
1786,meadamillion,528
1787,Ferg_Ea,528
1788,oritsfavour,505
1789,kymfred,529
1790,jumaf3,529
1791,iamsoulthepoet,530
1792,The_TUC,530
1793,carlosjmbpscol,268
1794,fredrickaloo9,47
1795,lindiro,531
1796,clnizeyimana,531
1797,KambandaAntoine,531
1798,TvPacis,531
1799,RwandaMaria,531
1800,MotherOfTheWord,531
1801,JeanDamascneMA1,531
1802,FrUwizeye,531
1803,ANdazigaruye,531
1804,england1steven,532
1805,LievSchreiber,532
1806,angela_weddle,533
1807,WendellPierce,533
1808,benlumbasi2,68
1809,misanadrst,534
1810,namgiskies,534
1811,jamalconvert,535
1812,_Kihumba_,535
1813,WazimbaRugby,535
1814,queen_maureen1,47
1815,kijanafantastic,70
1816,OumaSarah1,70
1817,jinsenpai4,536
1818,TaylerHolder,536
1819,patpami,537
1820,LMbalashi,537
1821,FoleMalembe,537
1822,bristolsjester,538
1823,SparkzRay,538
1824,FGmoo_,538
1825,pisskink69_,538
1826,ahumuzap,539
1827,KAVCUGANDA,539
1828,alexngare,150
1829,hilda_pihl,13
1830,sanjay3664,77
1831,chogeelphas,171
1832,lpaapai,150
1833,isamichaelreal,540
1834,MubsJinjaCampus,540
1835,sriniva58086001,514
1836,rst_like,541
1837,whattheplucked,541
1838,BrendaHazelhur1,541
1839,kadirabdulsomed,489
1840,oscarwafulah,68
1841,jonathanahabwe,68
1842,abuonjiboaz1,47
1843,atise_moni,166
1844,paul_adejumo,327
1845,ramogi_onyango,70
1846,garrymcgorm,542
1847,ReturnofR,542
1848,joseph_ethe,68
1849,pe37300459,543
1850,MashipeJeff,543
1851,inchmonke,544
1852,VendyEdits,544
1853,shaycartii,545
1854,lovzgeto,545
1855,reverend_td,521
1856,mrsir75141999,546
1857,XdxboxjajaSMO,546
1858,ianodero254,68
1859,Charliemagne,418
1860,winky_dinky_dog,547
1861,ErgSpin,547
1862,johnnchoko,47
1863,cvrane,548
1864,divya_noronha,548
1865,supreme_imperio,489
1866,AngiePosh5,489
1867,VivreShiki,30
1868,erickrono4,171
1869,kenmach,68
1870,asianewstravel,549
1871,England,549
1872,kelvinm08754133,550
1873,bae_evva,550
1874,jaay_diddy,551
1875,Blaqgal_Romy,551
1876,hayakhan_afg,552
1877,ZiaulhaqAmarkhi,552
1878,ahemddr,553
1879,Meidas_Kelly,553
1880,SolNataMD,553
1881,alienat7eleven,554
1882,real_AndyFiveo,554
1883,isaackhophi,555
1884,Adomonline,555
1885,chenny_ddanny,556
1886,JefBurley,556
1887,JakoyoMidiwo,556
1888,aaronaaronogake,68
1889,assurahodinga,150
1890,josiez16,557
1891,pending_url,557
1892,moysynoisy,282
1893,ekalmoses,558
1894,StateHouseKenya,558
1895,queeennab,282
1896,josephhollings8,367
1897,6hndrd_,76
1898,mazzini_gsp,76
1899,masoniscool2021,559
1900,Neil_Druckmann,559
1901,jane_pcflrvr,265
1902,bebeb777,268
1903,anshularora1986,166
1904,magqhwa,560
1905,MzwakheThabo,560
1906,nairobibest1,47
1907,dalehauskins,561
1908,primarily_prog,561
1909,HackettOfficial,561
1910,desertwarrrior,487
1911,mynameisrussia,282
1912,he0chae,562
1913,NoxDawn,562
1914,hassanadan837,70
1915,chrishumphries,236
1916,oriengomathan,563
1917,Rein_Asamo,563
1918,Maxlebgax,169
1919,api_governance,564
1920,kinlane,564
1921,samuelmuthee16,299
1922,jobmokaya,150
1923,aofijii,81
1924,AbdWallace,81
1925,namrata34555322,565
1926,pankajjha_,565
1927,ABPNews,565
1928,awasthis,565
1929,SanjayBragta,565
1930,Uppolice,565
1931,CMOfficeUP,565
1932,navneetsehgal3,565
1933,MrityunjayUP,565
1934,ShishirGoUP,565
1935,shalabhmani,565
1936,rebeccabikhalil,282
1937,lillian999n,271
1938,mutungi_sharp,37
1939,dallingtonug,37
1940,ayesiga47,37
1941,fridha_imut,566
1942,tribunnews,566
1943,reemnasra,282
1944,lindahoguttu,150
1945,gulekibaden,150
1946,sree_armytan,567
1947,Bangtan_486_,567
1948,livelikejoon,568
1949,baamyoongi,568
1950,mugambikenneth2,171
1951,kookstwin,569
1952,hopamine_,569
1953,Bolanet,566
1954,baddestb_nailxs,168
1955,wilson_saisi,570
1956,twabeo,570
1957,fobera,150
1958,jndala,571
1959,TT_Kgopa,571
1960,murti_nyc,572
1961,ATAKIZI__,572
1962,princessaries99,573
1963,erinstephanie84,573
1964,lattsydog,573
1965,BrandenSWiens,573
1966,johnmck1986,573
1967,James00683916,573
1968,withoutthemind,565
1969,rockyjuly,166
1970,ozne_t,329
1971,YuniKartika73,566
1972,diamhond1,9
1973,kevoh_i,37
1974,beautifullanre,26
1975,mosesn66961560,171
1976,catearthjustice,574
1977,cbschicago,574
1978,etanthomas36,575
1979,BigEastTourney,575
1980,sylvesterasied3,9
1981,debbies00060220,576
1982,for_pittys,576
1983,oflisah,577
1984,FeyeNody,577
1985,jugunajamz,150
1986,seedhee__baat,578
1987,TarekFatah,578
1988,riziki__,106
1989,anitanyambura10,106
1990,omofaji,579
1991,DrOlufunmilayo,579
1992,ngume1991,166
1993,TrevorOmbija,166
1994,choiichanheee,57
1995,clndyless,580
1996,xiaosgfREAL_,580
1997,kevvoh11,68
1998,mgich7,166
1999,alexwamity,166
2000,realwolfofwaves,351
2001,MoonSha05270452,351
2002,SameeraKhan,351
2003,anastaciachepk9,68
2004,dominic71359675,106
2005,chelseawambo,106
2006,apostlekompari,385
2007,muhammadelyas1,581
2008,fbhutto,581
2009,traver8veronica,582
2010,StantonAlana,582
2011,Jonharper70bd,582
2012,ChrisQuinn64,582
2013,MsJachymiak,582
2014,RitaWirtz,582
2015,hayes_melisa,582
2016,PaulONeill1972,582
2017,ChouinardJahant,582
2018,kimanicoast,68
2019,ifaluyi,579
2020,orionpax09,583
2021,EtikaMemories,583
2022,gamestwit1,268
2023,steveow64812800,47
2024,HassanAliJoho,47
2025,likeanhistorian,584
2026,MtlARN,584
2027,pamela59634573,585
2028,SiphoMalunga,585
2029,girishjambekar,345
2030,carloskasembeli,150
2031,cfc_jacck,465
2032,AgueroProp,465
2033,AnEsonGib,465
2034,OP_Talent,465
2035,morris2022,150
2036,sedoowayo,586
2037,Iyemeezy,586
2038,negedooz,586
2039,asenafreddy,166
2040,slythpuff_,587
2041,2021Eternalren,587
2042,kidy_didy,47
2043,mndalo,166
2044,mufcredinbed,588
2045,Emily_1010x,588
2046,j_ndubi,150
2047,onlyonegoldmew,589
2048,gammaraytopple,589
2049,deborahlkeegan1,268
2050,lecrae_junior,474
2051,theforesters_01,556
2052,anon61845948,590
2053,Elias_Jahshan,590
2054,onlyangvis,591
2055,feyresmaid,591
2056,nkatekogoodnes2,410
2057,iixbians,592
2058,gaaraswrld,592
2059,ryufied,592
2060,jack,592
2061,burtcurtis_hs,593
2062,AxlGenesis,593
2063,patmaina_n,70
2064,phiamax,171
2065,constant254,166
2066,makadamodenis,150
2067,pumpkinispog,594
2068,iiviahh,594
2069,jameswereesq,166
2070,labotsibeni,595
2071,Karabo_Mokgoko,595
2072,macariusoyoo,166
2073,georgelopez1990,596
2074,getFANDOM,596
2075,mikedunny66,597
2076,OAHSTigersports,597
2077,aavery829655,598
2078,codeofvets,598
2079,ahondo11,599
2080,RiseFallNickBck,599
2081,ndim_uchris,521
2082,gargerankush,345
2083,moule_vivianne,150
2084,itsspragga,68
2085,janeabas3,166
2086,KWamatangi,150
2087,sylviakwendo,70
2088,sphume_l,600
2089,___Mthembu,600
2090,marilyn51350639,268
2091,Megtradamus,350
2092,circasurvive,350
2093,bernadmbogo,68
2094,kiptootitus,601
2095,kentezy,601
2096,hitimer,602
2097,mukhtar_usman,602
2098,mafkumin,603
2099,communalsofa,603
2100,sangaloforward,604
2101,MsafiVitalis,604
2102,kuiwangari,106
2103,nahashon87,106
2104,EtalePhilip,106
2105,tweetspamela,445
2106,reema_gangully,605
2107,RandeepHooda,605
2108,samcapaul1,166
2109,akshay_sah09,478
2110,honkabogo,106
2111,savagegarl,245
2112,_raghav_ag,345
2113,keilysabr,606
2114,LaflameScott,606
2115,permii_,521
2116,tmrubina,607
2117,piyushhaf,607
2118,drcruciate,608
2119,arsh_ved,608
2120,etadoba,608
2121,MahaForest,608
2122,Vanyavilas,608
2123,TheVanyavilas,608
2124,justgozie,609
2125,PraiseOAbimbola,609
2126,raca5mith,610
2127,Simon_LFC,610
2128,rickygervais,610
2129,elevenmurdoc,611
2130,warmhalos,611
2131,angelamwirigi,37
2132,chozfroz,612
2133,ToyStory_Shots,612
2134,Sbrucein,465
2135,soupacha,465
2136,AstridWett,465
2137,chirchirbartono,492
2138,Manuviddy,492
2139,barasaeconomist,47
2140,DonaldBKipkorir,47
2141,kelvink04476674,68
2142,catsfan20012002,93
2143,fredericoalex,613
2144,amanadagm,613
2145,dominicronozz,68
2146,rhubarb_314,283
2147,ykeemonta1,614
2148,lmbabazi,614
2149,nomadscot,268
2150,barakiabay,441
2151,kibet_masaa,68
2152,aslam_44,615
2153,Sana_Jamal,615
2154,kkalyegira,68
2155,owobuya,529
2156,22_blackgod,62
2157,khalf1312,616
2158,ibrahimovic_14,616
2159,munji08070283,617
2160,Fchurii,617
2161,tanishkk_,544
2162,fazbearbrony,111
2163,vinodslm,345
2164,lcg_pr,618
2165,shomipatwary,618
2166,viveksawhney5,345
2167,NoelFB,418
2168,epikdemi,544
2169,dmutiatiaki,68
2170,smassch,47
2171,btsmeme07,619
2172,G00GIETHIGHS,619
2173,lifegoessBTS,619
2174,fIowerv,619
2175,migreva,620
2176,DamselNDetroit,620
2177,augustine_block,579
2178,busiasir,150
2179,MessiThings_,250
2180,ochiengaliwa,166
2181,wambuibabu,70
2182,buggars2,621
2183,ChristopherSign,621
2184,imxa_r,622
2185,rima_na16,622
2186,realmadridarab,622
2187,sexypiiied,623
2188,_ah0z,623
2189,iamlewiii,68
2190,uroswolf,624
2191,visegrad24,624
2192,NieZapomnijONas,624
2193,iamnkbhardwaj,625
2194,_Amar_N,625
2195,CMOTamilnadu,625
2196,ptrmadurai,625
2197,whore4lisa,626
2198,havertzvibes,626
2199,74void,627
2200,hammonddfx,627
2201,rugby1234567,628
2202,BrisRugSC,628
2203,saironthirion,629
2204,maggiethebard,629
2205,vanessah_star,630
2206,GrenfellUnited,630
2207,hswales,265
2208,joshbalay222,265
2209,jletangule,631
2210,Napunyu1,631
2211,bena27019531,632
2212,HEBabuOwino,632
2213,detrop_,623
2214,equity__learner,345
2215,titusrutz,70
2216,THCa1i,81
2217,dugiy2,271
2218,bestbrosplay3,633
2219,Joseph_Witty,633
2220,josephineojiam2,166
2221,jameskooko,70
2222,lennyneta_ii,385
2223,kayi02857024,47
2224,krishna94703932,478
2225,partha36293039,345
2226,alone_knights,634
2227,RatedEpicz,634
2228,golomuga,166
2229,eobrunxn,635
2230,zaclmc,635
2231,alim00la,636
2232,NewsBotZA,636
2233,IOL,636
2234,identitysneed,592
2235,mummgfyearner,592
2236,formeewoah,637
2237,blowie123,637
2238,h2wooff1cial,637
2239,mikslmnc,637
2240,redwineclouds,623
2241,mamoloko_m,638
2242,Tshepang_MUFC,638
2243,softlywithgrace,639
2244,NeonSeph,639
2245,jmknight86,468
2246,shoaibahmedinc,640
2247,Dr_Yathindra_S,640
2248,INCMysoreRural,640
2249,kenneth03570062,166
2250,sbonga_sengwayo,641
2251,AgentVhuvhuzel1,641
2252,igd86,642
2253,persecutionnews,642
2254,brutallygooner,643
2255,Arsenal,643
2256,daveanyona,70
2257,helshaffei,644
2258,RichardBistrong,644
2259,william_nka,645
2260,_kwansa,645
2261,herbertmugisha1,68
2262,jpegmilfia,646
2263,kqrllsjr,646
2264,michael02491303,166
2265,chocho4all,647
2266,nairaland,647
2267,carojunanmaina,68
2268,frarth,648
2269,clarkeyfranco,648
2270,kiwanuka_danie,271
2271,iamrahuloberoi,345
2272,505_emmanuel,271
2273,FanzoneKcca,271
2274,bravutu7208,649
2275,NewEraNewspaper,649
2276,kenway_thando,560
2277,kaismith670,650
2278,jayaquotebot,650
2279,janemwaikinyua1,166
2280,prodbyrick,417
2281,ashkay1966,345
2282,cryptofido,270
2283,sydokiddo,528
2284,n_dotts,68
2285,thevavlegacy,651
2286,sunyooki,651
2287,justice132465,652
2288,iAmSaffronTiger,652
2289,AUThackeray,652
2290,arbaazSkhan,652
2291,iamimtiazkhatri,652
2292,Sooraj9pancholi,652
2293,MaheshNBhatt,652
2294,DinoMorea9,652
2295,sun_wukong07,653
2296,BensSingle,653
2297,kin_edu,654
2298,Domie_Kirui,654
2299,OneSantuz,654
2300,dsnyders7,655
2301,DanaBeers_,655
2302,njarifj,656
2303,F_rida__h,656
2304,mksamdarshi,345
2305,re0nadee,657
2306,dimasiiilaw,657
2307,aeraepiphanist9,658
2308,calmjoonie,658
2309,fatimasadozai,659
2310,tamheedbukhari,659
2311,RisingKashmir,659
2312,bukharishujaat,659
2313,chihiro7273,660
2314,chikinuggys,660
2315,mbayalavuna,416
2316,chartdata,180
2317,dreb585,661
2318,ballandbars1,661
2319,karani_mathai,106
2320,EricWainainaKE,106
2321,Cassidyolwal,106
2322,agent_maturin,662
2323,ProjectLincoln,662
2324,daily_winsiku,166
2325,obaradan1,104
2326,idaresay2,106
2327,sammymonoo_,70
2328,susanlenny13,5
2329,pjotu,5
2330,LaurieGendreau,5
2331,agentvhuvhuzel1,663
2332,Sbonga_Sengwayo,663
2333,dpinsen,273
2334,anitamurphy18,664
2335,VinGuptaMD,664
2336,dante_danitez,166
2337,orembenicholas,665
2338,StandardKenya,665
2339,shinigamisho,666
2340,Peace_maker21,666
2341,setsunameguri,666
2342,trtsryn,566
2343,iam_skmn,566
2344,fmghoi,166
2345,seantz_12,667
2346,ganbarimustang,667
2347,dremejemoses,166
2348,kridha_rocks,668
2349,BhartiLavina,668
2350,wilgooner,176
2351,La_Hobbs_wacho,176
2352,jiminf1lt3r,669
2353,bangtanggee,669
2354,osikolisaac,271
2355,KCCAFC,271
2356,calvincegabriel,171
2357,bitcrushclown,670
2358,JpegNetworks,670
2359,jammieliyayi,68
2360,applepiequeen_,671
2361,jawdyn81,671
2362,raydon_ogwang,672
2363,MacTugume,672
2364,sandaji_silas,166
2365,bronpetty,673
2366,MALZ1ANA,673
2367,briankirui26,416
2368,steveogollaw,166
2369,tangerine92,674
2370,0705Maverick,674
2371,kiggundujosep20,675
2372,nypost,675
2373,phillip_delu,676
2374,sellyamutabi,676
2375,icus_fransiscus,76
2376,bwfmedia,76
2377,badmintonphoto,76
2378,screeper01,528
2379,r_marume,385
2380,voncryptosoul,677
2381,sygmod,677
2382,luminary_wings,678
2383,ChocolateySwirl,678
2384,dipendipu1987,345
2385,omolo_patrice,70
2386,bellaballer3,679
2387,TimingLama,679
2388,arnoldmelix,150
2389,hotrodkrusher,680
2390,MyNameIsZwei,680
2391,bigwigke,558
2392,amrita1224,681
2393,VandeIndian,681
2394,IAmGMishra,681
2395,MURKARMA,681
2396,Bhavesh02311549,681
2397,MsRDutta,681
2398,shwetasinghkirt,681
2399,United_4SSR,681
2400,Saju0512,681
2401,iRaviTiwari,681
2402,ApurvaU23,681
2403,imquat,682
2404,xvedra,682
2405,dreamman_ng,683
2406,odinakabiafra2,683
2407,_sammy_2000,104
2408,christeelove1,533
2409,donna95551638,367
2410,karteek75110372,345
2411,balajirmusic,684
2412,nimmaupendra,684
2413,kerenkels,104
2414,kyirow,685
2415,C_SOI,685
2416,R_SOI,685
2417,aileru13,505
2418,balokore,385
2419,KristinaZanotti,13
2420,ingridcarlqvist,13
2421,veenamahesh8,686
2422,AniruddhaJatka1,686
2423,the_studmuffin_,602
2424,tuweinetui,104
2425,nytomwangi,558
2426,laraib0_,687
2427,maryamhunbaee,687
2428,okumuidd,70
2429,vodizea21,174
2430,bintangnoru,688
2431,meelofarts,688
2432,aiwofipleds,689
2433,cheesero11,689
2434,kendi21525981,558
2435,obamirin,562
2436,anthonycoy,690
2437,NYPDCeremonial,690
2438,brian_ojay,70
2439,star_roser,691
2440,crypthereals,691
2441,sk35206819,166
2442,politicalprophe,176
2443,v6dvl,692
2444,Mss_Jolene,692
2445,princemalab13,68
2446,KipronoKittony,68
2447,craneshaven,68
2448,docfemboy,693
2449,Stirnnn,693
2450,fredakat177,694
2451,Sane_sis,694
2452,kipkiruikurgat3,68
2453,drjohnngeno,68
2454,ruzozaphill,487
2455,raisedonb,176
2456,ssebunyajoel,293
2457,CanparaCollin,293
2458,klausvenger,106
2459,positivematt,695
2460,guardian,695
2461,qukzyf,51
2462,kofianyeupe2,47
2463,danny_bhingi,166
2464,kainatabbas19,696
2465,__Anxari,696
2466,WaseemBadami,696
2467,johnwamuigwa,68
2468,djsweetment_sa,697
2469,DJ_Buhle,697
2470,munhphatt,698
2471,Maazikram2,698
2472,markkoross,68
2473,pei_prillie,699
2474,Candraasmara85,699
2475,inyongmanise,699
2476,drunk_n_monkey,176
2477,kijanamzee10,47
2478,AmandaHolden,465
2479,CharlieKelman0,465
2480,shipra_1234,700
2481,thehitmanranjan,700
2482,moronhumor,700
2483,BBCBreaking,700
2484,kakkadavinash,345
2485,connectnakuru,47
2486,bankerrohit23,701
2487,saurmisra,701
2488,_alvida_,701
2489,krk009,701
2490,adultbanker,701
2491,bholeshpathak,701
2492,PrakharRaii,701
2493,ShailenBh,701
2494,_cpsharma,701
2495,f4_f10_,701
2496,alashshukla,701
2497,NyIsBlue_x,465
2498,lilimobeth,702
2499,adam_mutumba,702
2500,OMubwati1,702
2501,KagutaMuseveni,702
2502,susy_ke,47
2503,northbelle4,703
2504,MrMubinShaikh,703
2505,smwearmask,225
2506,sunilpa38153812,367
2507,mosy8019,70
2508,0otori_emu,704
2509,eemiirin,704
2510,LuzGayness,704
2511,tsheilak,705
2512,kasujja,705
2513,mathengejerioth,166
2514,the_red_raven_,706
2515,snky_n3s_,706
2516,ntheshjos,665
2517,ramilfelix,47
2518,kelvokinitz1,558
2519,maza_jasper,707
2520,Mwebantu,707
2521,kayombo_thumba,707
2522,keim_cathy,708
2523,funnydo25814387,708
2524,keisytoto,47
2525,kubaithuranira,171
2526,himarikyiu,709
2527,shiromisser,709
2528,rowvln,710
2529,PVPX_,710
2530,hridayjyoti,711
2531,BimalBorahbjp,711
2532,wstb5,270
2533,aequitas39,270
2534,mirajwazir55,712
2535,LimaAFGN,712
2536,DrMalham,712
2537,obara_ben,47
2538,KomradeOgutu,47
2539,angstyedgeworth,713
2540,ledskiii,713
2541,mssandrawong,714
2542,Naomiworldz,714
2543,erickymoseti,171
2544,ev_yegon,171
2545,Aaroncheruiyot,171
2546,lynnsharig8,715
2547,gerryblevins,715
2548,vozable,541
2549,fahmym_ahmed,270
2550,_ikristinn,716
2551,s0nofbieber2,716
2552,anestbamwine,717
2553,QueenCarlo11,717
2554,melodious_miss,600
2555,BruceLoaf,115
2556,boneman_16,270
2557,linanarmy,718
2558,CNNIndonesia,718
2559,joebernt2000,47
2560,catherine_wewa,171
2561,ganjarpranowo,177
2562,dirtypecker1,719
2563,sweetdee__,719
2564,jupiter_riccis,720
2565,sandorzedem,720
2566,eloiloijairus,171
2567,mosesot28787368,665
2568,m_tarquinius,270
2569,deltascorpius1,270
2570,itzaruponly,345
2571,worthalooksie,270
2572,jay20214573,513
2573,mythecool,721
2574,evleaks,721
2575,mrkonam,312
2576,pedrokiss64_2,722
2577,ScottSaysSex,722
2578,CFCDUBois,465
2579,feyuui,723
2580,janiforme,723
2581,narayen27,345
2582,bts_bighit,180
2583,poppajohn16,724
2584,GrannyGail31,724
2585,creamy_cano,76
2586,lammiepearl,679
2587,adtya_shrma,721
2588,kiplin_guy,62
2589,aditya888888888,345
2590,tranced,721
2591,intrntnlplayboy,725
2592,dtowngIoss,725
2593,Wheres_My_Bill,199
2594,Jesuszilla1,199
2595,KITTYCATALERT,199
2596,_JaY_R0ck_,199
2597,MethodicalMemes,199
2598,XcloudTimdog,199
2599,groy01951128,478
2600,i_amsusie,726
2601,Absolutehero69,726
2602,fsatyarthi,727
2603,MLARajuSingh,727
2604,jkariuk00249216,171
2605,boyybarbie,728
2606,TornWolf_C137,728
2607,sidswrld,544
2608,mzeee_maundu,106
2609,laurajeanlouis_,68
2610,stannngaira,106
2611,shankar_sarkar_,729
2612,Pratiks74026334,729
2613,sabyaactor,729
2614,indiacares_2020,729
2615,CuttackDM,729
2616,CMCCuttack,729
2617,arunbothra,729
2618,surajPassion,729
2619,_iTs_Aditi_,729
2620,listenjasbir,729
2621,kamalrathi,729
2622,CMO_Odisha,729
2623,I_AM_RANJEETA,729
2624,SecyChief,729
2625,HFWOdisha,729
2626,palmerchris1,70
2627,remintola,541
2628,minsungskart,730
2629,seungminscart,730
2630,Konesjk,150
2631,mmukui,68
2632,tobani15312820,731
2633,yobo_yolisa,731
2634,aishan03a,732
2635,MSDAR_NEWS,732
2636,jetmet69,733
2637,olblueys41,733
2638,MichaelRapaport,733
2639,iamrapaport,733
2640,reubenotieno3,47
2641,salahuddinmate1,734
2642,priyankachopra,734
2643,nutmuncher,735
2644,Radruler,735
2645,PiKitsune,735
2646,haidan_ef,629
2647,mreagz,736
2648,aomenya,736
2649,GroovyCam,81
2650,nanakofiglyn,62
2651,NWAShaMoney,62
2652,xmalcomme,171
2653,kiko_24,737
2654,gabbybunso,737
2655,didit619,75
2656,blackloaduk,738
2657,AVNMediaNetwork,738
2658,jrdylovexxx,738
2659,sopusayy,739
2660,ateezizst,739
2661,meshackkiptoo9,68
2662,stanfanacc,362
2663,laibaghori2,696
2664,Toooba107,696
2665,MehmilKhan4,696
2666,Mahira79,696
2667,IamUshna_WB,696
2668,BadamiCreations,696
2669,Zara___Zafar,696
2670,AyeshaKazi201,696
2671,Tubaranii,696
2672,Hamna99877518,696
2673,ToobaBadamian,696
2674,Kinza_Soomro,696
2675,yimyitz,277
2676,rono_aronk,68
2677,bunnobb,740
2678,nbcbayarea,740
2679,Skilling,391
2680,cshimala,391
2681,WGNMorningNews,391
2682,anthony90406906,268
2683,wolfdenduo,741
2684,QasimRashid,741
2685,skyhook86,741
2686,kevin_varella80,742
2687,SLR_Official_,742
2688,timeadventurez,743
2689,sixtalks,743
2690,mathewk14931924,68
2691,vzl_99,744
2692,pitchfork,744
2693,tiokauma,745
2694,Winnie_Byanyima,745
2695,iamravi420,746
2696,DoctorAjayita,746
2697,causicai,544
2698,ItsKimingichi,416
2699,iyawo_tee,505
2700,khari_famous,747
2701,kyleskiki,747
2702,bernardtiphain2,541
2703,bob07814436,665
2704,issaenow,70
2705,i_am_daizy,748
2706,cyberzeke,748
2707,Arnoldtugumegm1,748
2708,buddy_isma,748
2709,ArnoldDerrickA1,748
2710,infamous_Tweleb,748
2711,Johnlaban256,748
2712,MichealLMarvin1,748
2713,jaelynnca,749
2714,CJ_isnowblue,749
2715,markdav60739384,750
2716,JubileePartyK,750
2717,AlbertMem,750
2718,erastuskipkosg3,166
2719,omuengele_07,47
2720,etr__esports,742
2721,jamesmwilliam18,751
2722,AndreaBilling18,751
2723,marsha_vivinate,751
2724,blewis823,751
2725,peterduncancan,751
2726,karenaboutgary,751
2727,wack_robert,751
2728,landis_lain,751
2729,LaurenAshley087,751
2730,DaVonToomuch1,751
2731,adlgator86,749
2732,shade_martins,510
2733,PBFC_KonaSeema,510
2734,cassidiz,70
2735,demsonndombi,752
2736,ChrispinusJuma0,752
2737,moroccan0,26
2738,jean_makana,753
2739,Mstephano_,753
2740,nair_srini75,754
2741,DKShivakumar,754
2742,lotuszwater,755
2743,HotNewHipHop,755
2744,exilefortragik,756
2745,QuickKap,756
2746,malachimatete,68
2747,CatherineNdonye,68
2748,mkenyam53445482,166
2749,juliusngatia7,166
2750,poluoch,70
2751,itsgolgappay,544
2752,naviiieira,757
2753,taeilsolostan,757
2754,achola2,171
2755,paddyotieno,758
2756,ellahmburu,758
2757,styles_liquor,758
2758,austinebusyhanz,162
2759,baembe_bbm,759
2760,MagloireKabwe,759
2761,Ensemble_MK,759
2762,moise_katumbi,759
2763,didaabdullahth1,760
2764,KBCChannel1,760
2765,snsverardo,761
2766,TigerWorku,761
2767,diannaeanderson,761
2768,zelovisuals,544
2769,dankagate,106
2770,wachira_gitahi,762
2771,CaroleKimutai,762
2772,KenMijungu,762
2773,ayomusaobi,162
2774,waizke,68
2775,toyin_livenluv,763
2776,MatthewSchuler_,763
2777,trishacomeau,268
2778,colloneil79,753
2779,sugutjunior,68
2780,polo_vfx,544
2781,dralishaheer2,764
2782,92newschannel,764
2783,velvethammer34,765
2784,austral_taur,765
2785,mercuriusgeorge,765
2786,oliverb82905534,766
2787,TradesTrey,766
2788,huntersilas2,166
2789,smiaww19,767
2790,airaniiofifteen,767
2791,meloncvlt,768
2792,insightsoda,768
2793,froe09,544
2794,ihanchanie,587
2795,n_a_b_zpro,293
2796,mcotienodavid,166
2797,o5amaaa,769
2798,Hey_Kashu,769
2799,snugglyharvey,115
2800,2tukani,770
2801,peterArsnl,770
2802,cherubetjoseph,771
2803,RadioCitizenFM,771
2804,ripinpeacedfg,772
2805,Prayer_LoL,772
2806,royalwinsmid,772
2807,isuhhbelle__,772
2808,lunaticfn0,51
2809,vamos13real,633
2810,supermangeek101,596
2811,dripslick,47
2812,AnneKiguta,47
2813,spindriftsk,773
2814,cheeksnibeidou,773
2815,k__mayfield,774
2816,theoemrys,774
2817,KatinOxford,774
2818,propheticimagin,774
2819,darthgroypernyc,775
2820,LilPufff,775
2821,jaeluxodus,776
2822,hunnys_,776
2823,gathiomi_somi,171
2824,gconste,777
2825,SJPD_DepChief,777
2826,omoloowiti,778
2827,austinoduor24,778
2828,dindadmr,75
2829,dankipbii,171
2830,nyakundiobed6,68
2831,btwicymi,5
2832,muheria72,70
2833,DavieDaBavarian,250
2834,sacapuntas___,250
2835,serkanM_10,250
2836,schmineypeen,779
2837,carinthecreek,779
2838,mpleawere,780
2839,BillGavoka,780
2840,tujadili,70
2841,potentash,70
2842,imharikrishn,345
2843,livempigo,68
2844,sunshinefatima,68
2845,TheFuse984,68
2846,ItsAnneMwaura,68
2847,itsnadiafavre,68
2848,_pd15,345
2849,settsubanri_,781
2850,crystalramune,781
2851,robertk03073906,171
2852,ouidhaz,782
2853,warsameboss,782
2854,dr3_0s,782
2855,MoSyed110,782
2856,KSI,782
2857,bhavs____,783
2858,_but_i_am,783
2859,plagueybastard,583
2860,daviddallas256,293
2861,Kera_legendary,293
2862,gideonstone_,86
2863,heeseungbestie,784
2864,YoonJin__9,784
2865,bigboiimatti,784
2866,wagandamaurice,166
2867,chonkyegret,785
2868,aBritishfox,785
2869,2ndogolla,171
2870,danz254,171
2871,alphameli,171
2872,sammyenockbett1,70
2873,charliebeckie,529
2874,imingisglove,786
2875,TheLeaderTeez,786
2876,ATEEZofficial,786
2877,freudeamhonig,219
2878,bhushan_sonwane,345
2879,TheAutoComboGod,81
2880,youngdel_powers,787
2881,bewasai,787
2882,theleaderteez,786
2883,ramantiwari,345
2884,mrbrown81470133,70
2885,justinnyls,788
2886,ayagruber,788
2887,mamiesi_o,62
2888,eightofsupreme,789
2889,NikiLeeTompkins,789
2890,bibhuti81276316,790
2891,rajessnayak,790
2892,parakh_rupesh,345
2893,ccfather,791
2894,themunimentroom,791
2895,jona84than,166
2896,gmorrison88,265
2897,alexkenya_,47
2898,nettie2028,265
2899,chirags0605,792
2900,republic,792
2901,mejja_mwangi,70
2902,millerm67457748,166
2903,itsmissmuya,166
2904,rachashobi,793
2905,RUMRACHA,793
2906,gacherumunene,47
2907,ar14i_,794
2908,DaRealPuppyDay,794
2909,ceejayafrica,70
2910,malmasijnr,416
2911,kurui12370pk196,166
2912,romancewoman,268
2913,kagodenis,47
2914,bearspetting,795
2915,ninjasexparty,795
2916,garibah_ibrahim,555
2917,B_hundred_Hyun,28
2918,lukalemark,416
2919,cee_jassy,796
2920,kelchiii,796
2921,kaptumj,797
2922,KBonimtetezi,797
2923,mjakaflani,166
2924,d_phennal,416
2925,PrinceRaymondke,416
2926,realinvixible,62
2927,1billionsubs,456
2928,kinghazardug,245
2929,hennydamay,566
2930,nuicemedia,566
2931,jo_wu_author,798
2932,gaildvillanueva,798
2933,amanifortunate,799
2934,Classic105Kenya,799
2935,arl_xbox,742
2936,ElijahKaiVA,81
2937,dingochen21,28
2938,mukulsh40250276,800
2939,Shivamtyagibjp,800
2940,ArvindKejriwal,800
2941,yadavakhilesh,800
2942,nhana_serwaa,801
2943,abenamagis,801
2944,jujaboni,68
2945,aaronredwolf513,802
2946,hopewarrior615,802
2947,ameerkhaninc,77
2948,SanjaySDutt,77
2949,INCHimachal,77
2950,ShuklaRajiv,77
2951,RahulGandhi,77
2952,priyankagandhi,77
2953,kcvenugopalmp,77
2954,MukulWasnik,77
2955,vidyarthee,77
2956,IYCHimachal,77
2957,HimachalPMC,77
2958,SevadalHP,77
2959,NSUIHimachal,77
2960,AgnihotriLOPHP,77
2961,nick777555,268
2962,itspapie,68
2963,koskeirk,47
2964,logwalla,803
2965,Karey_mwari,803
2966,_royalnegus,804
2967,Backwood5habba,804
2968,tharryfaubee,106
2969,adoreauble,805
2970,belveire,805
2971,popcornoreo,805
2972,TheStarBreaking,47
2973,castrokarani,166
2974,fredricksigar,166
2975,daisykenyan,416
2976,wuodminaphy,166
2977,munge_erick,166
2978,nau_falll,566
2979,gothia_arn,806
2980,TatianeFeitos,806
2981,crispburg,28
2982,segeracantik,28
2983,winstoncraig7,807
2984,thenotforgotten,807
2985,BrokenByWar,807
2986,umutetsir,745
2987,kaanesjkaane,70
2988,bilalsultan13,808
2989,shahfaesal,808
2990,himurashouto,809
2991,t0d0r0kee,809
2992,kevinod91592454,68
2993,GovWOparanya,68
2994,skdrhzx,28
2995,joanpadillo3,810
2996,ichu2000,810
2997,mathiasdeus3,171
2998,stevepe51559304,811
2999,IJasonAlexander,811
3000,wallp_mafia,812
3001,Asmali77,812
3002,akus9f,813
3003,SMILEYS4LT,813
3004,msjodibee,814
3005,leftcoastbabe,814
3006,simonki29488414,68
3007,NyarOnyiro,68
3008,bellsjuls,75
3009,timnyarera,106
3010,mixedfighter_,815
3011,ajplus,815
3012,cindy89617233,166
3013,mayuri82711140,668
3014,sjaifulnawar,816
3015,univ_indonesia,816
3016,roscoe_bonna,37
3017,Snduhukire,37
3018,skznewsupdates,817
3019,EmS30741868,817
3020,Stray_Kids,817
3021,davidombego1,166
3022,johnpaulomondi2,818
3023,PeopleDailyKe,818
3024,astlebridge,236
3025,lilydale37,47
3026,tashiontwt,819
3027,sunricello,819
3028,cpedracine,281
3029,catswithnohope,281
3030,limooh2012,171
3031,kwabynadollar,363
3032,trottoirradio,563
3033,njephersonnn,62
3034,dehli_031,62
3035,exo1lusin,28
3036,samarno07163861,268
3037,albedono1fan,820
3038,zhxngliex,820
3039,justusmusyoki12,150
3040,bomfim_jp,821
3041,DeepDoRock,821
3042,nature_playz,168
3043,aridude2,822
3044,intifada,822
3045,_untouchaballs,823
3046,devilishjen,823
3047,tw42590118,824
3048,TinaTruth3,824
3049,Badge111Ret,824
3050,lameckkogo,68
3051,kungmbote,171
3052,craigstevensma1,93
3053,dapdap_jansfin,76
3054,blueforever60,825
3055,BeefyBotham,825
3056,SamuelColt1776,272
3057,alfredwata,797
3058,giddysifuna,166
3059,icycolt,826
3060,bandicootpage,826
3061,mohiddin2015,345
3062,emutsune,827
3063,Akisawandera,827
3064,omindejapheth,47
3065,EriUri05,28
3066,guyanamaingi2,150
3067,franklineolum,166
3068,ukpattayat143,790
3069,orwakomollo,106
3070,edwin_basuki,828
3071,YoulleYelly,828
3072,13028survivor,726
3073,carrie12186991,70
3074,joashayieye,665
3075,anupkumar6571,345
3076,john_oranja,166
3077,biamasojah,166
3078,yasosseh_njie,829
3079,Dourie_,829
3080,YoungSillahVee,829
3081,afloren11,830
3082,patatesmax,830
3083,jadonvekili,830
3084,cheryotlangat,106
3085,Dj_Nonsense254,106
3086,sainttwolf,789
3087,peter46560171,831
3088,RodgersKipembe,831
3089,boyddee,832
3090,KLynnsoonergrl,832
3091,SassieSparkles,832
3092,rvp811,833
3093,bigricanman,833
3094,georgek24646978,834
3095,DavidBaszucki,834
3096,Roblox,834
3097,roseyokeh,835
3098,CardinalAmbro,835
3099,bapi_73,76
3100,0shtaa_,28
3101,noraasamma,836
3102,realFFK,836
3103,othuoncharles,446
3104,didisaythat12,833
3105,arasamakori,837
3106,AderoVictor1,837
3107,khabazelazandi1,600
3108,rale67,838
3109,NewsForAllUK,838
3110,PoliticsForAlI,838
3111,kashr_,839
3112,AsraMusavi,839
3113,benwamigate,166
3114,muleisila,797
3115,hud_dy12,840
3116,Edward_247,840
3117,ps_lukwago,705
3118,itsshl,345
3119,htengara,76
3120,gitraveldiaries,68
3121,theguru4you,749
3122,priceissupreme,345
3123,cosmos941207,75
3124,prince_ericko,841
3125,AnnitahRaey,841
3126,roy_goodluck,171
3127,juneogana,371
3128,kooknowles,842
3129,pourhinds,842
3130,jazzmanzino,106
3131,vincentisaboke2,771
3132,vanillalitta,75
3133,ke_ocean,166
3134,k_wamasebu,843
3135,HonAdanKeynan,843
3136,oskasimanto,166
3137,bbhallday,28
3138,lee46971236,390
3139,obbsie,390
3140,keffakay,166
3141,sairie4,37
3142,AJEnglish,37
3143,shimamontse,844
3144,DesboMohono,844
3145,nwpg_dard,844
3146,iamdjcyrus,62
3147,oohgdx,845
3148,dokgoasis,845
3149,YssaCornChan,81
3150,omushomesa,68
3151,KiberuJimmy,68
3152,j_osebe,492
3153,trakavalia,846
3154,alplooshi,846
3155,Al_shikeli,846
3156,auon_almaha,846
3157,amal555535,846
3158,sultanomani,846
3159,alghafri9966,846
3160,alsa3di72,846
3161,AHMED64AHM,846
3162,roo7alm7aba1,846
3163,chemjorreuben,446
3164,maaayev,847
3165,amongthehidden_,847
3166,ninetyflour,28
3167,rndelengi,848
3168,Tuko_co_ke,848
3169,katayunus,76
3170,ash22002,345
3171,robertr62751480,166
3172,karthikperumals,5
3173,xunslight,28
3174,kolasrinu6,345
3175,hallowedcrow,849
3176,sadalsvvd,849
3177,CFC_Geezer_,465
3178,jhakas_chokro,345
3179,mwasharo,467
3180,SimonMsenga,467
3181,kigogo2014,467
3182,ChasoUdsm,467
3183,ChademaTz,467
3184,John_Pambalu,467
3185,jjmnyika,467
3186,HecheJohn,467
3187,IAMartin_,467
3188,HildaNewton21,467
3189,MariaSTsehai,467
3190,TZFanatic,467
3191,freemanmbowetz,467
3192,speakforyourse6,850
3193,jbpoersch,850
3194,JohnJHarwood,850
3195,WSJ,850
3196,joramomondi12,166
3197,franklinetarus,632
3198,msdfan99_,851
3199,The_Sleigher,851
3200,blubutterbun,851
3201,narendramodi,851
3202,AngusStaffie,281
3203,pitbullsad,281
3204,hitchj1,852
3205,kc_96x,852
3206,stella_piscess,106
3207,johnorale2,114
3208,engdavidongou1,853
3209,AngawaEA,853
3210,bharadwajaarjun,854
3211,dasadarshan,854
3212,soup3451,855
3213,hopperbeann,855
3214,jamesmoylan77,443
3215,KailashChandOBE,443
3216,aaisha____khan,696
3217,Saramasood11,696
3218,sen_pramathes,478
3219,sktexasgirl,856
3220,shoyoalikai,856
3221,anyaastic,857
3222,shutupsajal,857
3223,theslay48830266,166
3224,on_vire,858
3225,BedivereDesigns,858
3226,apostlesamola,166
3227,deepak_235,859
3228,IChitrangda,859
3229,littlelily2016,860
3230,S_Aglukark,860
3231,masyaraqat,76
3232,ericmalelkibet1,68
3233,say_no_evil,861
3234,MacOtani,861
3235,caparthian,75
3236,jnyembe1,862
3237,AldrinSampear,862
3238,Nomsa_Md,862
3239,knalpotslipknot,75
3240,ashish24see168,345
3241,Gautam__Baid,345
3242,felixwere19,70
3243,fachrianb_,718
3244,peterndungu930,863
3245,cbs_ke,863
3246,stoicravi,345
3247,avazisnot,864
3248,downbadpatroll,864
3249,murphistopheles,865
3250,keyhusrevemezin,865
3251,young_int_woman,865
3252,harkaayer1,866
3253,DeubaSherbdr,866
3254,amosigaga,867
3255,babatvuganda,867
3256,877babafm,867
3257,BalyekuOfficial,867
3258,Kabyanzo,867
3259,sammwesigwa8,867
3260,kpthakershy,345
3261,mayakgnair,868
3262,BDUTT,868
3263,wycliffogola1,106
3264,yawawuah15,363
3265,Captain_Jollof,363
3266,yelijahrise,869
3267,AnnaKlironomou,869
3268,YouTube,869
3269,ogollah_vincent,166
3270,har00tycx,870
3271,trvsrutozz,870
3272,njorookamau,446
3273,irfana47433183,871
3274,soldier_sohaib,871
3275,6Zunee,871
3276,dr_nyamache,47
3277,hareemjarrar,872
3278,Captain_maRhea,872
3279,sambelrujak16,873
3280,t0s32b4,873
3281,perkycallin_,874
3282,almightywita40,874
3283,pedrindapinta,874
3284,PigsAndPlans,874
3285,akolmiyenkuol,70
3286,bvss_af,875
3287,Sego_Mnisi,875
3288,mybnansy,39
3289,nzwa131pcy,28
3290,aliwardak1,876
3291,MohsinAmin_,876
3292,grandynelms,877
3293,acroce66,877
3294,tailsfangirl3,878
3295,leeunkrich,878
3296,DaffyWoody,878
3297,willkirima,106
3298,kunalmadurwar,345
3299,fahood0599,879
3300,UnfoldGames,879
3301,thekomalchauhan,880
3302,KaliKaEkka,880
3303,benmuley,881
3304,RadioJamboKenya,881
3305,jcharich2002,381
3306,HakeemOluseyi,381
3307,6654240ce86d49e,762
3308,graceopokukyei1,9
3309,hxnnie97,882
3310,jjongdole,882
3311,ojukierick18,632
3312,carol_kihika,106
3313,highmaryouma,883
3314,itswelohere,883
3315,keirastrnmy,884
3316,esnylvr,884
3317,josephhahanyu,106
3318,kosgeinathan2,885
3319,hon_Makau,885
3320,joannevillanu17,886
3321,ponymom275,886
3322,DonaldJTrumpJr,886
3323,NajmaHa87229300,650
3324,sidnancy11,381
3325,dollyreddy10,887
3326,jaspreetk23,887
3327,Rupesh_NC,887
3328,valeriemagutu,888
3329,ssimiyu,888
3330,wahurakL,888
3331,ratadesletrada,889
3332,Protect_Wldlife,889
3333,juniartapamudji,890
3334,Putri_Sulita,890
3335,jacksononyangoj,891
3336,BambaTVKenya,891
3337,lewis_awuonda,47
3338,kev_ghettoman,892
3339,Afrikan_No1,892
3340,Senate_KE,892
3341,abdulahiadan10,150
3342,BettyMKyallo,150
3343,jesusvictorsooh,166
3344,swalehmdoe,166
3345,samueltebesigwa,245
3346,bigboto14,893
3347,OceansidePD,893
3348,Kiss100kenya,891
3349,mandzamyengs,894
3350,News24,894
3351,fmutati1,166
3352,jack06295839,166
3353,soapminaj,895
3354,bvrbiedreams_,895
3355,iamdbossian,854
3356,deepanarsimulu,515
3357,DrRanjithReddy,515
3358,pauloko2000,106
3359,mbulamutula,166
3360,abedmugendii,896
3361,GreatNairobian,896
3362,robin26122003,897
3363,JeevMilkhaSingh,897
3364,davidoduorotie2,665
3365,nipharmakhanu,47
3366,emuyonga,106
3367,lorileeoglesby,268
3368,aminuyaro_,898
3369,BashirDatti1,898
3370,bolu_ay,107
3371,kpodowilliam1,9
3372,_opondo___,106
3373,timetravel002,68
3374,sparkiestgerm,899
3375,Edpilkington,899
3376,ascarbs,899
3377,nytimes,899
3378,shadrart_okello,831
3379,wataariwanyoro,900
3380,OliverMathenge,900
3381,ossorp,901
3382,douremagic,901
3383,obattenaj,371
3384,cathlee45335549,268
3385,antoney44212070,47
3386,mayakajoseck,171
3387,antonymulari,106
3388,hvbiss,902
3389,R_o_o_O2,902
3390,jimranyondoa1,106
3391,irishredheaddeb,903
3392,PatrickLeaping,903
3393,hardiharher,904
3394,thisdayinkpop,904
3395,saqibhdk11,905
3396,alinasbajari,905
3397,ogolaz_p,47
3398,mikeroscoe67,906
3399,eris_mumu_23,906
3400,AlexSampson83,906
3401,JulietJeater,906
3402,AyoCaesar,906
3403,lauraweeniee,907
3404,valenziie,907
3405,carajanmalhotra,345
3406,ebosomusa,166
3407,bethwelkipkoe12,771
3408,mcjokoniah,617
3409,robikochieng,166
3410,abaavictory,908
3411,JoyNewsOnTV,908
3412,peterkibe17,166
3413,frugal_investor,345
3414,justanotherbei9,909
3415,Joshuajered,909
3416,bwrshp,86
3417,usamasandhu,910
3418,abbasnasir59,910
3419,bidam_ii,312
3420,felixetyang11,166
3421,stariayo,339
3422,pakijo25,566
3423,weldonl52437977,166
3424,wenskexing,911
3425,TlANYAKE,911
3426,toxic_goodies,68
3427,jjkdilfs,912
3428,ynerency,912
3429,Vinnie8198,250
3430,SenorFlopper,250
3431,FCB_Mystic,250
3432,ReshadRahman_,250
3433,inkredible_b,913
3434,tv3_ghana,913
3435,just_some_t,914
3436,TombofAsh,914
3437,pohonnpalem,75
3438,slider19831,915
3439,BurnettRM,915
3440,fong_janet,916
3441,SyifaMaulani7,916
3442,kittenjaem,917
3443,kdyodoy,917
3444,dionelthe,918
3445,ShadKuroi,918
3446,thegamersjoint,918
3447,jawaremakokha,919
3448,davidmakali1,919
3449,mercienjerii,106
3450,JimmiGathu,106
3451,vinod_bansi,920
3452,LeighHereNow,920
3453,corporealwrite,920
3454,LidiaYuknavitch,920
3455,tumblehawk,920
3456,bunmi_thompson,921
3457,DeleMomodu,921
3458,austinmaccabee,922
3459,LeBatardShow,922
3460,gachinisson,563
3461,jaynarayanp,923
3462,SangmaConrad,923
3463,jingokiss,39
3464,agust_no_D,39
3465,hanzalahbaig2,924
3466,Alikhanyzai,924
3467,ndekerere_h,812
3468,ekweejohn8,171
3469,anthony05461286,106
3470,WanjikuRevolt,106
3471,WaruiJohn2,896
3472,swagimnida,904
3473,karthik99931304,925
3474,tanuja1608,925
3475,springbago,926
3476,shafiur,926
3477,godfreynatilig1,166
3478,bmmuthomi,927
3479,Novvascotia,927
3480,smarube,47
3481,tufaaki,166
3482,sleeplustre,928
3483,bunnalien,928
3484,justchillbrow,76
3485,SenpaiWannafu,81
3486,hiannardi,929
3487,Irwan2yah,929
3488,vikramshr,897
3489,bnbancy,930
3490,KuiKaringithi,930
3491,dazzy0u0,339
3492,nyakwarjomotho,106
3493,nuggxtz,931
3494,AdwCreamSodah,931
3495,softestange1,931
3496,valentinavoight,931
3497,venusbadoni,932
3498,uttarakhandcops,932
3499,Ashokkumarips,932
3500,police_railway,932
3501,DIPR_UK,932
3502,PIBDehradun,932
3503,PTI_News,932
3504,DDNewslive,932
3505,GovtUttarakhand,932
3506,emmanuelmatso2,166
3507,m_manu__osef,26
3508,patialablue,345
3509,officialnderitu,166
3510,marthakasingo1,106
3511,ResaBasil,106
3512,4philwest,268
3513,mwanzovincent,37
3514,baffour_marfo,62
3515,wasniksanay,933
3516,PoolaShirt,933
3517,Aniket80626675,933
3518,scribe_prashant,933
3519,priyanktripathi,933
3520,joseemariemad,934
3521,kimi8,934
3522,pwinsatun,935
3523,harsuuun,935
3524,teemusintonen,936
3525,Mamba_Insider,936
3526,ctb33725378,937
3527,projectcelestia,937
3528,loeyworldd,28
3529,sabyasachidasss,938
3530,raplineshero,938
3531,mel_andrianto,939
3532,radenrauf,939
3533,joncaleaf1,68
3534,tims_ke,68
3535,in2singh,345
3536,ElegantSavant,107
3537,HEYCRYBABYGRILL,689
3538,kuritstanley,558
3539,hemanth78182210,854
3540,cyancookie15,940
3541,ObiJai,940
3542,KaleiRenay,940
3543,TristanGHill,940
3544,matthewbedwell5,941
3545,LondonFire,941
3546,warmhotcakes,942
3547,Hideki_Naganuma,942
3548,asyifa_lana,75
3549,patrick99367011,166
3550,btssco,943
3551,crabbynamjoonie,943
3552,analokarani,68
3553,makaloofred,106
3554,vintagetequilla,345
3555,habjustice1,944
3556,Sally_Keeble,944
3557,WFP,944
3558,meshackmunzu,166
3559,thepatron001,150
3560,fallingfang,945
3561,andrometas,945
3562,gracekaff,68
3563,itsmfj,946
3564,LobsterKnocker,946
3565,abuveve,563
3566,ribyunbaek,28
3567,archana21089269,686
3568,kelvinopiyo,166
3569,therishimisra,75
3570,NrjNambo,75
3571,Markiskido5,75
3572,BAI_Media,75
3573,Johnnyguizmo,169
3574,MylenaJohnson,169
3575,jemo23401548,812
3576,claritywhisper,947
3577,sailorgirl2017,947
3578,ca_ravinder27,345
3579,bonfacewa2,150
3580,curtandrewsjr,488
3581,coralessly,948
3582,aintliquor,948
3583,maureenlanah,166
3584,ShowMeTheTuna,577
3585,notfound404_4,949
3586,MTNC_Care,949
3587,joyonsongo,812
3588,onlyfortrump1,950
3589,MercysKarma,950
3590,ManyGosthwaxxx,169
3591,ramavijay20,686
3592,wanjau_collins,106
3593,get_crazyz,951
3594,sport7trans7,951
3595,troongk,166
3596,vinctadi,76
3597,jamalmagak,166
3598,samuelo02620964,106
3599,rararhaey,952
3600,ptiofficialCP,952
3601,WSakura6,915
3602,emmerson_grant2,915
3603,Emm_Initiative,915
3604,Off3ns1v3D,915
3605,kenjaluo,166
3606,allibaba___,953
3607,mileswarith,953
3608,Wet_Wizkid,953
3609,stanjenga,166
3610,myinfo75008888,272
3611,thelimeadecat,93
3612,harrygilbert90,954
3613,AmandOZ420,954
3614,loksmonster,955
3615,NimmaShivanna,955
3616,vinaykkoul,956
3617,jkchanneltv,956
3618,jannimikks,957
3619,Kluytsss,957
3620,BothasigBoet,957
3621,xiling22,958
3622,Yanlangk,958
3623,kdrama_menfess,958
3624,fachrulgunawann,566
3625,chrisdaudi2,106
3626,fredric12627667,166
3627,kishorewadhwan7,345
3628,mubashira_aziz,696
3629,lisatursi2,268
3630,brian_48091,268
3631,angelaj58344262,959
3632,Reallisariley,959
3633,erenscult,960
3634,alexuskai1,960
3635,crushkyungsoo,28
3636,curolooart,961
3637,cartoonbrew,961
3638,jaymeegee,598
3639,sallytca,598
3640,kotlasatyaprak2,345
3641,davidbattsstrap,962
3642,hollowhillz,962
3643,ombogo_ke,106
3644,alexuspkim,106
3645,therealsmrs_,963
3646,mmarcoae,963
3647,lesbiansqx,964
3648,XlNGQIUBF,964
3649,triviakyo,964
3650,omandjaswani,345
3651,nyigi_,106
3652,ohowaeri,28
3653,branwene,965
3654,beauchamp45,965
3655,abdurrahmaan_aa,11
3656,nvnnaaa,11
3657,SatorIzzy,81
3658,ThomastheBatman,81
3659,WavyBoneLaw,81
3660,ex0ust,966
3661,ipetmaluPoGO,966
3662,bobohubyun00,28
3663,therealmarie27,967
3664,BukieRexha,967
3665,cornernestmedia,106
3666,pedroro32658554,968
3667,FelipeVicini,968
3668,brian_koskei,106
3669,isitdebunkedtm,83
3670,MyMindsEye924,83
3671,Fred7480,83
3672,kangurusylvia,68
3673,bryaneward,418
3674,gakiosarah,68
3675,ndichu23,68
3676,claricemacquiy,106
3677,shashipreethm,969
3678,kusavini,969
3679,aldrinalphonso,970
3680,stingdas,970
3681,shiba_kurian,970
3682,PMOIndia,970
3683,vinitku91002918,345
3684,delightofmylyfe,971
3685,ruthvalen,971
3686,HARRISFAULKNER,460
3687,maronga_matara,68
3688,homansays,972
3689,da_watan_lewany,972
3690,arsched,972
3691,MirMAKOfficial,972
3692,FarooquiJameel,972
3693,jam_kamal,972
3694,ZaidZamanHamid,972
3695,happyca51011255,13
3696,auschwitzxhibit,13
3697,UnionStationKC,13
3698,oreoodust,75
3699,kipkuruimaina,166
3700,chopranarpat,345
3701,witchhuntdiary,973
3702,FilmProProdPod,973
3703,agung_site,974
3704,ainurohman,974
3705,hobbydghosting,974
3706,festyanto,975
3707,Dennysiregar7,975
3708,aciiww_,365
3709,iimchanyeol,28
3710,susanma23660486,976
3711,Rwaaizin,976
3712,steve_hofmeyr,976
3713,indlomilk,28
3714,etreclasse,75
3715,cimotiy,566
3716,yalludevadas,977
3717,NimaShashiKumar,977
3718,mathenge_wahome,68
3719,franjones18,978
3720,gloucesterrugby,978
3721,mutwirimutuota,37
3722,jamessmat,37
3723,wekesa,37
3724,africangual,979
3725,francediplo_EN,979
3726,happysoul_xx,371
3727,johngil73255707,980
3728,U2Partygirl5,980
3729,U2ThreeChords,980
3730,AnnaBorsi,980
3731,gachukiamary,981
3732,Freds_Head,981
3733,Kingwole,107
3734,maureensine,166
3735,downindixie,982
3736,pilotboy2018,982
3737,rabsonrukwa,983
3738,Dembare_DotComs,983
3739,bett60490123,166
3740,sujavarghese12,984
3741,KirenRijiju,984
3742,deboratobing,365
3743,triplicaneprabu,345
3744,mickoluoch1,166
3745,cxxxyeah,75
3746,nooby42187175,985
3747,feartheViolet,985
3748,tomiokakth,280
3749,kgold661,86
3750,gabi84322113,5
3751,pjosephlopez1,986
3752,KasthuriShankar,986
3753,carandbike,986
3754,obajohn24,987
3755,Sobayo_AJQ,987
3756,TheReal_Hafeez,987
3757,OGSG_Official,987
3758,dabiodunMFR,987
3759,alloey_k,28
3760,haroon06947106,988
3761,Me_Gareeb_hun,988
3762,alvinsatriya,989
3763,saaarahaha,989
3764,faultymusic,990
3765,FrancisVace,990
3766,_silverman_,991
3767,Count_Roxy,991
3768,samantrayp,345
3769,draxis2002,268
3770,CanonTakeMeAway,268
3771,ramesh4sah,345
3772,agnesprecelia,75
3773,_avasharpe,992
3774,kxmalakhan,992
3775,Cupangcok,28
3776,jobutterfly888,993
3777,Jimmyocx3,993
3778,davembruce,993
3779,Joejoe_poopeee,991
3780,lildom911,991
3781,Atlus_West,991
3782,engkemboi,171
3783,sleepyrikidraws,994
3784,enhypenpenpen_,994
3785,reet_sihota,995
3786,vikasBkuTikri,995
3787,Bkuektaugrahan,995
3788,ni_davi4,996
3789,boldtimesafrica,996
3790,LegoMattVideo,991
3791,serdixienormus,997
3792,latestinspace,997
3793,stealthiscar,962
3794,ninahrick,166
3795,will_warfstash,318
3796,thefairfolksaga,417
3797,sushant71413403,998
3798,MLANirajBablu,998
3799,smile_moonchild,718
3800,tonny_mudoola,705
3801,badreddinesahir,999
3802,MalikOnion,999
3803,ahohomie,1000
3804,_clarestaa,1000
3805,ombotojoseph,68
3806,puresaturdie,718
3807,jfreeg_,389
3808,christineguda,68
3809,sunarintao,1001
3810,soulnark,1001
3811,ksj4life_,1002
3812,shwnptrmendes,1002
3813,kantirf,566
3814,johnwangila16,166
3815,mudfishKenya,166
3816,joehannay,268
3817,chethan747,1003
3818,ajay43,1003
3819,robertnewmandb,268
3820,timothyngumbau2,68
3821,wgita_,76
3822,harish1476,345
3823,itsandez,166
3824,toriepppp,1004
3825,AlexBerenson,1004
3826,moderna_tx,1004
3827,kalilamaraj,456
3828,kiplangatleon14,166
3829,hey__kamu,1005
3830,FIMELAdotcom,1005
3831,KapanLagicom,1005
3832,restinpeace1979,1006
3833,chiaki_act,1006
3834,defiaye,1007
3835,ladycultreboot,1007
3836,skylerangie,1008
3837,zaritweets,1008
3838,kom_dj,166
3839,kasthurirajan9,1009
3840,PuneethRajkumar,1009
3841,mutwiridr,68
3842,bhaskarmuk,76
3843,teresiah_w14,171
3844,himanshiananu,1010
3845,filmibeat,1010
3846,realhimanshi,1010
3847,sagarhalbe,345
3848,jypechoutzuyu,1011
3849,marupoksatways,1011
3850,128beltburner,1012
3851,BillSimmons,1012
3852,duanecrockett1,1013
3853,cenkuygur,1013
3854,maxbevin,236
3855,rajattiwaryadv,1014
3856,Nishit_Ranjan,1014
3857,AppleSupport,1014
3858,carolg225,277
3859,ActorMadhavan,1009
3860,budzz,75
3861,deejay_ken256,245
3862,manamezoe,75
3863,mudasirahmadr14,1015
3864,realpreityzinta,1015
3865,dieozoegyuy,75
3866,itsalisha1223,1016
3867,Rooji_Koji_Maty,1016
3868,its_goad_devil,1017
3869,NasirRampur,1017
3870,Abd_sufi_0,1017
3871,Rehankhan_79,1017
3872,SABkaKING,1017
3873,HayaKhan999,1017
3874,wafachaudhry812,1017
3875,aashutoskumar,1017
3876,moanas07860,1017
3877,hululu00,1017
3878,MohdFareed_,1017
3879,shimmi_79,1017
3880,Khan_Sahab_AK,1017
3881,umairali11001,1017
3882,ShaguftaAhsas1,1017
3883,UmmiKhanB1,1017
3884,Dilkashkhan24,1017
3885,HeraAkhtar,1017
3886,Suzzain21,1017
3887,U_0865,1017
3888,Rehbar0786,1017
3889,Umairah_Zafar21,1017
3890,HindiPoemz,1017
3891,rizwanzaki2,1017
3892,Golden_Eagle_0,1017
3893,oG1fofoWArgZb7I,1017
3894,AmbikaprasadK,1017
3895,ekram_urrab,1017
3896,MNADS_1,1017
3897,Sabir12555558,1017
3898,Mohdaalam123451,1017
3899,Halimasadiya699,1017
3900,AkeelKh98946770,1017
3901,Ali5333Ali,1017
3902,JIYA72263267,1017
3903,sufiyashaik07,1017
3904,WarsiQadri,1017
3905,S_jamal_s,1017
3906,MohammadFahim78,1017
3907,ayub0968,1017
3908,AzaadAbdulhamid,1017
3909,azamrizv1,1017
3910,bhai_azhar_786,1017
3911,IndianAzhar,1017
3912,abuhassan2523,1017
3913,Faisalimam_1,1017
3914,kameel_nakeeb,1017
3915,Mdsiraj__,1017
3916,JameelP72605903,1017
3917,ashisha89603392,345
3918,seilvee,1018
3919,JustJaaden,1018
3920,wolfkeep1,268
3921,sydneysbu1,341
3922,GasoloWorldWide,341
3923,SAPoliceService,341
3924,MYANC,341
3925,choxooreo_,974
3926,manikantaklmn,345
3927,hashtag88377103,320
3928,georgegalloway,320
3929,sashamisra15,925
3930,silasketter,68
3931,ThisIsBett,68
3932,whatdidyoubury,962
3933,chrisatuk,1019
3934,MedVilla11,1019
3935,OfficialFUFA,1019
3936,LawMulindwa,1019
3937,AhmedMarsha,1019
3938,Kujooga,1019
3939,RugyendoQuotes,1019
3940,leksonotrie,75
3941,emmawhatsen,718
3942,mucheru,68
3943,just_beinggrace,1020
3944,mo4lo,1020
3945,Nyikos_,1020
3946,ShantiForAfrica,1020
3947,DrMusaMthombeni,1020
3948,glossygeems,75
3949,ikepanggalo,75
3950,911o8,1021
3951,Galvnies,1021
3952,KYUNGSOOUL__,28
3953,amoreruya,76
3954,Lego_gamecap101,650
3955,davidmuiga,68
3956,linsam12,1022
3957,jugwanthj,1022
3958,code_monk,1023
3959,TheTorontoSun,1023
3960,tabithawamboi3,68
3961,90joycewamuyu,68
3962,MwangiMustapha,68
3963,hrtbeat90,1024
3964,halanderson,1024
3965,Theorie76794383,650
3966,firefighterfan,724
3967,legendop_16,1025
3968,Legitrko23,1025
3969,datesmartin,171
3970,komradeclinton,1026
3971,HenryDeSagu,1026
3972,nescafekaleng,365
3973,joshuawachiuri,37
3974,amankarkiii,1027
3975,AlyGoni,1027
3976,augustinescar,1028
3977,Taylorde13_,1028
3978,taylorswift13,1028
3979,tiaramisstsu,1029
3980,CianuroArts,1029
3981,chandra22197342,345
3982,ravinde23911941,345
3983,aishapatricia4,717
3984,sofeanh_,76
3985,myTeamMAS,76
3986,ilhamdzikri_10,566
3987,sandyboy1112,345
3988,kembalifitra,1030
3989,outcrophunter,1030
3990,divisionmogul,268
3991,mayangzhr,28
3992,ak_xxxxz,1031
3993,koko_beruang,1031
3994,arsarajasa,1031
3995,shixmish,166
3996,marilynhenry3,1032
3997,sometimeredhead,1032
3998,11mystic11,1033
3999,IAM_AllLove,1033
4000,_lacassa,1034
4001,millardayo,1034
4002,tartarhark,1035
4003,kompascom,1035
4004,johnquinn83,1036
4005,realTuckFrumper,1036
4006,atscushi,1037
4007,kaedeharase,1037
4008,stevebranham1,268
4009,brossmckenzie,1038
4010,gettinviggy,1038
4011,katenjoroge,68
4012,aahjusii,76
4013,angelfangss,134
4014,karumbidza2,1039
4015,mooatie,1039
4016,bigbodythckthot,1040
4017,troyonprivate,1040
4018,blessingdalusi,1041
4019,Cici_akanke,1041
4020,marianoiannacc,1042
4021,ColinCharlton8,1042
4022,tommykibet,68
4023,anthony68915732,1043
4024,RealJaguarKenya,1043
4025,mamawong30,5
4026,sabinatraitor,1044
4027,sbasquad,1044
4028,ollikainenotso,1045
4029,sulkahattu,1045
4030,kirjavainen,1045
4031,ninerronnie,1046
4032,OldSchool80s,1046
4033,sihggi,718
4034,cheruiyoot,171
4035,santanu3011,345
4036,kotote_rashid,68
4037,manckmade,1047
4038,MindBodySoleUK,1047
4039,maureen_findlay,268
4040,trust_karmas,345
4041,satheesh240980,345
4042,endrwlks,1048
4043,ranbooisfunny,1048
4044,dk__l_,1049
4045,panya_bookue,1049
4046,virtualbutler17,345
4047,cautkarshpandey,345
4048,bandanaghosh18,1050
4049,MusicSurama,1050
4050,fntscha_,76
4051,KarenFi51820768,576
4052,lamin10422692,93
4053,jeannene54,1051
4054,Lover1Trump,1051
4055,immaculatemumb4,416
4056,originryuna2,974
4057,davey_jones42,50
4058,hot_girl6969,50
4059,bluuuueeee_4,1016
4060,oletta15148998,600
4061,priyadarshipaul,734
4062,buckmarycarol,367
4063,adityajoy14,478
4064,maestro61320865,981
4065,sprngblue,76
4066,magbee_254,68
4067,jeongkiits,1052
4068,ffairypixies,1052
4069,harry_m51,1053
4070,Ciaran_THFC,1053
4071,l_ucifergom,566
4072,searchingvalue,345
4073,Charles_K_Kenya,68
4074,kbcenglish,68
4075,nikkanikkinikku,75
